;UnidadeID;4940 - Ingresso e Exclusão dos Sócios na Sociedade;6108 - Incapacidade Laborativa Parcial;6182 - Averbação/Cômputo/Conversão de tempo de serviço especial;10940 - Depoimento;10300 - Data Base;10592 - Desconto em folha de pagamento;4718 - Cessão de Crédito;5954 - ITBI - Imposto de Transmissão Intervivos de Bens Móveis e Imóveis;6038 - Seguro Acidentes do Trabalho;4976 - Nota de Crédito Rural;7769 - Abatimento proporcional do preço;9594 - Mandato;9595 - Troca ou Permuta;10397 - Sanitárias;10075 - Energia Elétrica;4794 - Parceria Agrícola e/ou pecuária;4846 - Sustação/Alteração de Leilão;9602 - Comodato;10685 - Correção Monetária;8939 - Suspensão do Processo;11822 - Mineração;10083 - Tabelionatos, Registros, Cartórios;10287 - Jornada de Trabalho;10429 - Execução Contratual;6048 - Contribuições Previdenciárias;6138 - Reajustes e Revisões Específicos;12160 - Requerimento de Reintegração de Posse;10230 - Regime Previdenciário;10312 - Piso Salarial;10487 - Habitação;11871 - Agências/órgãos de regulação;9586 - Comissão;11825 - Poluição;4962 - Cédula de Crédito Comercial;6065 - Hora Extra;9166 - Multa de 10%;10455 - Aquisição;7660 - Usufruto e Administração dos Bens de Filhos Menores;4942 - Responsabilidade dos sócios e administradores;10303 - Adicional de Horas Extras;9608 - Franquia;4933 - Apuração de haveres;8942 - Extinção do Processo Sem Resolução de Mérito;10023 - Multas e demais Sanções;5724 - Sociedade;7696 - Preferências e Privilégios Creditórios;9258 - Honorários Periciais;50147 - Inobservância das prescrições legais ou normativas;7700 - Cláusula Penal;9494 - Substituição da Parte;9995 - Erro Médico;11843 - Pessoas com deficiência;11846 - Moradia;9589 - Depósito;10453 - Retificação de Área de Imóvel;7697 - Correção Monetária;7699 - Juros de Mora - Legais / Contratuais;50031 - Inspeção no Registro de Títulos e Documentos e Civil das Pessoas Jurídicas;5977 - Energia Elétrica;12484 - Fornecimento de medicamentos;4656 - Direito Autoral;10540 - Competência Tributária;50030 - Inspeção no Registro Civil;10684 - Juros;8875 - Ministério Público;10422 - Pagamento Atrasado / Correção Monetária;11856 - Hospitais e Outras Unidades de Saúde;7659 - Regime de Bens Entre os Cônjuges;10241 - Exoneração;7899 - Bloqueio de Matrícula;6049 - Servidores Ativos;10437 - Direito de Imagem;11836 - Parcelamento do Solo;8986 - Erro de Procedimento;10354 - Tempo de Serviço;10585 - Capitalização / Anatocismo;10390 - Sanções Administrativas;10396 - Ambiental;7767 - Substituição do Produto;9599 - Transporte de Coisas;11812 - Oferta e Publicidade;11839 - Posturas Municipais;9985 - DIREITO ADMINISTRATIVO E OUTRAS MATÉRIAS DE DIREITO PÚBLICO;9450 - Fraude à Execução;9588 - Corretagem;10461 - Direito de Vizinhança;10219 - Servidor Público Civil;11853 - Vigilância Sanitária e Epidemiológica;10463 - Condomínio em Edifício;11863 - Responsabilidade Fiscal;12245 - Nomeação;50023 - Inspeção na área do Juizado Especial Cível e da Fazenda Pública;50065 - Inspeção no Registro Civil de Pessoas Naturais, Títulos e Documentos e Registro Civil de Pessoas Jurídicas;8829 - Competência;10240 - Posse e Exercício;6052 - Aposentadoria/Retorno aoTrabalho;4706 - Evicção ou Vicio Redibitório;50033 - Inspeção no Tabelionato de Protesto de Títulos;4813 - Representação comercial;50115 - Deixar de cumprir atribuições inerentes ao cargo no prazo estipulado;9591 - Empreitada;10491 - Direitos e Títulos de Crédito;10494 - Hipoteca;11860 - Produto Impróprio;8859 - Intervenção de Terceiros;7834 - Retificação de Data de Nascimento;10223 - Enquadramento;10492 - Veículos;50029 - Inspeção no Registro de Imóveis;11828 - Área de Preservação Permanente;10423 - Anulação;7676 - Administração de herança;12416 - Tutela de Urgência;9598 - Transação;11854 - Saúde Mental;6085 - FGTS/Fundo de Garantia Por Tempo de Serviço;50032 - Inspeção no Tabelionato de Notas;6032 - Contribuições de Melhoria;8843 - Assistência Judiciária Gratuita;10388 - Edital;10449 - Perda da Propriedade;10500 - Usucapião da L 6.969/1981;10686 - Multa Cominatória / Astreintes;10387 - Habilitação / Registro Cadastral / Julgamento / Homologação;7732 - Registro de nascimento após prazo legal;9609 - Locação de Móvel;9996 - Acidente de Trânsito;6105 - Auxílio-Reclusão (Art. 80);7714 - Pagamento Indevido;11842 - Pessoa Idosa;5001 - Liquidação;4935 - Dissolução;9583 - Arrendamento Rural;4805 - Previdência privada;10029 - Ensino Superior;5000 - Concurso de Credores;10064 - Saúde;4969 - Cédula Hipotecária;9180 - Expropriação de Bens;4968 - Cédula de Produto Rural;9414 - Extinção da Execução;10385 - Licitações;10586 - Limitação de Juros;10236 - Promoção / Ascensão;50157 - Apurar faltas;10440 - Erro Médico;4854 - Revisão do Saldo Devedor;10239 - Nomeação;11870 - Utilização de bens públicos;50034 - Inspeção no Serviço Distrital;5632 - Prescrição e Decadência;10446 - Imissão;8888 - Dos Auxiliares da Justiça;11883 - Tratamento Médico-Hospitalar;5804 - Investigação de Paternidade;6067 - Nota Fiscal ou Fatura;4951 - Anulação;10894 - Abuso de Poder;10451 - Divisão e Demarcação;10501 - Crédito Rural;9606 - Compromisso;6097 - Urbana (Art. 48/51);11865 - Vendas casadas;7661 - Bem de Família;9610 - Despejo para Uso Próprio;10454 - Alienação Judicial;50018 - Inspeção na área Cível e da Fazenda Pública;7694 - Atos Unilaterais;7781 - Protesto Indevido de Título;10452 - Reivindicação;8874 - Sucumbência;10438 - Dano Ambiental;4939 - Desconsideração da Personalidade Jurídica;7949 - Direitos da Personalidade;9603 - Mútuo;11867 - Produto Impróprio;50015 - Inspeção em Vara Judicial;10220 - Regime Estatutário;10447 - Aquisição;10013 - Enriquecimento ilícito;7704 - Pagamento em Consignação;10121 - Desapropriação;4974 - Nota de Crédito Comercial;10254 - Aposentadoria;6099 - Aposentadoria por Tempo de Serviço (Art. 52/4);10658 - Custas;10496 - Promessa de Compra e Venda;10676 - Imissão na Posse;10567 - Aposentadoria por Invalidez Acidentária;7925 - Registro de Óbito após prazo legal;10670 - Obrigação de Entregar;9612 - Despejo por Denúncia Vazia;10531 - ICMS / Incidência Sobre o Ativo Fixo;9559 - Classificação de créditos;9584 - Arrendamento Mercantil;7715 - Enriquecimento sem Causa;10434 - Erro Médico;10457 - Usucapião Especial (Constitucional);6058 - Indenização Trabalhista;8990 - Provas;9575 - Sustação de Protesto;10073 - Concessão / Permissão / Autorização;9160 - Levantamento de Valor;10462 - Condomínio;10291 - Adicional de Insalubridade;10128 - Servidão Administrativa;11000 - Cobrança de Aluguéis - Sem despejo;10483 - Servidão;7687 - Inventário e Partilha;7757 - Auxílio-Doença Acidentário;10288 - Sistema Remuneratório e Benefícios;9585 - Cartão de Crédito;10656 - Honorários Advocatícios em Execução Contra a Fazenda Pública;50016 - Inspeção no Foro Extrajudicial;10939 - Intimação / Notificação;4964 - Cédula de Crédito Rural;9524 - Indenização do Prejuízo;6107 - Auxílio-Acidente (Art. 86);10588 - Vícios de Construção;5946 - ICMS/ Imposto sobre Circulação de Mercadorias;10395 - Multas e demais Sanções;10450 - Adjudicação Compulsória;6100 - Aposentadoria Especial (Art. 57/8);11807 - Tarifas;7690 - Adimplemento e Extinção;10226 - Reintegração;11785 - Diligências;10861 - Alienação Fiduciária;7735 - Retificação de Nome;10014 - Violação aos Princípios Administrativos;9178 - Inexequibilidade do Título / Inexigibilidade da Obrigação;11784 - Oitiva;11810 - Dever de Informação;6103 - Salário-Maternidade (Art. 71/73);11884 - Fornecimento de Medicamentos;10024 - Interdição;7703 - Pagamento;6104 - Pensão por Morte (Art. 74/9);5972 - Municipais;10459 - Usucapião Ordinária;6114 - Benefício Assistencial (Art. 203,V CF/88);9517 - Causas Supervenientes à Sentença;5916 - Impostos;10011 - Improbidade Administrativa;8961 - Antecipação de Tutela / Tutela Específica;10445 - Esbulho / Turbação / Ameaça;10444 - Posse;10012 - Dano ao Erário;4847 - Seguro;10655 - Honorários Advocatícios;9541 - Capacidade;10538 - Taxa de Licenciamento de Estabelecimento;6226 - Inclusão Indevida em Cadastro de Inadimplentes;11864 - Irregularidade no atendimento;10448 - Propriedade;4703 - Defeito, nulidade ou anulação;7698 - Perdas e Danos;9149 - Valor da Execução / Cálculo / Atualização;9196 - Liminar;9593 - Locação de Imóvel;4701 - Ato / Negócio Jurídico;7768 - Rescisão do contrato e devolução do dinheiro;7717 - Espécies de Títulos de Crédito;4949 - Títulos de Crédito;10467 - Despesas Condominiais;10582 - Rescisão / Resolução;6098 - Rural (Art. 48/51);11806 - Empréstimo consignado;10481 - Propriedade Fiduciária;4993 - Recuperação judicial e Falência;5951 - ISS/ Imposto sobre Serviços;11786 - Atos executórios;6096 - Aposentadoria por Idade (Art. 48/51);10435 - Acidente de Trânsito;6095 - Aposentadoria por Invalidez;9163 - Penhora / Depósito/ Avaliação;9518 - Efeito Suspensivo / Impugnação / Embargos à Execução;9587 - Compra e Venda;10938 - Citação;9596 - Prestação de Serviços;10458 - Usucapião Extraordinária;9597 - Seguro;6118 - Aposentadoria por Tempo de Contribuição (Art. 55/6);11782 - Intimação;10677 - Busca e Apreensão;4972 - Duplicata;10441 - Acidente de Trânsito;10671 - Obrigação de Fazer / Não Fazer;11783 - Citação;6101 - Auxílio-Doença Previdenciário;50001 - Averiguação Oficiosa de Paternidade;7657 - Tutela e Curatela;9580 - Espécies de Contratos;4970 - Cheque;4980 - Nota Promissória;10439 - Indenização por Dano Material;4960 - Cédula de Crédito Bancário;10433 - Indenização por Dano Moral;5952 - IPTU/ Imposto Predial e Territorial Urbano;11811 - Práticas Abusivas;9582 - Alienação Fiduciária;7691 - Inadimplemento;9607 - Contratos Bancários;6017 - Dívida Ativa
;ID|25014882;4;0;0;0;0;0;0;0;0;0;0;2;0;0;0;0;2;2;0;1;4;1;0;0;1;0;1;0;0;0;4;2;3;1;0;2;1;0;1;0;0;0;1;0;2;0;0;0;1;0;0;1;1;0;0;1;2;0;0;2;2;0;0;3;0;0;3;0;2;2;0;1;6;0;0;1;3;0;1;1;2;6;3;2;0;5;7;0;5;7;0;0;0;0;2;0;1;0;3;0;2;0;1;3;2;0;1;0;0;0;2;0;3;1;3;0;0;0;0;1;1;1;0;4;0;5;1;0;2;1;1;4;2;3;1;0;1;0;5;0;1;3;1;0;0;2;0;1;23;0;3;3;1;4;0;5;3;5;6;1;1;0;0;0;3;1;4;1;5;6;1;8;9;4;3;5;5;5;8;16;3;6;0;1;0;0;7;6;0;1;4;7;0;0;18;3;7;7;0;2;13;1;3;3;1;38;8;47;4;0;5;8;2;0;7;4;3;0;1;4;16;15;5;4;8;13;2;12;0;9;8;11;8;0;17;10;16;2;1;20;1;0;0;10;20;29;36;19;4;15;16;3;8;18;10;30;22;25;24;33;36;31;17;24;65;33;0;8;45;1;3;20;1;24;0;13;18;21;31;149;67;55;2;53;59;41;48;54;70;2;0;67;45;42;11;163;82;124;4;79;371;184;233;1926
;ID|25014893;1;0;0;0;0;23;0;2;0;0;0;0;2;0;4;0;2;3;0;1;0;0;0;0;0;0;0;0;0;0;0;5;1;1;0;0;2;1;1;0;3;2;2;0;8;0;1;0;0;0;1;2;2;0;0;0;0;0;3;0;3;1;0;0;0;1;0;0;1;0;0;2;0;1;0;2;2;1;0;4;4;8;0;5;6;1;0;0;0;0;6;0;0;3;0;1;3;0;10;0;7;0;0;1;3;0;2;0;0;3;3;5;3;4;2;1;0;1;0;1;1;0;4;7;0;5;2;0;3;4;0;19;0;2;1;21;3;1;0;0;0;0;0;0;2;2;5;2;1;0;4;8;0;3;0;3;4;3;2;0;2;0;0;4;1;7;2;2;17;11;2;10;47;1;5;0;2;4;2;0;21;2;0;0;1;19;5;10;0;0;6;6;4;3;102;3;7;21;5;15;23;0;9;16;0;0;33;10;4;2;9;22;8;0;18;3;3;0;2;56;26;19;0;4;3;2;104;18;0;16;24;146;11;0;27;1;3;2;0;16;0;121;0;4;27;44;65;0;15;91;26;5;89;10;41;37;20;8;51;176;19;55;59;21;199;53;0;66;3;13;37;653;0;16;3;21;244;51;40;223;136;183;2;101;67;185;33;236;489;0;0;135;111;85;228;165;202;180;111;97;2600;228;515;4468
;ID|25014898;3;0;0;0;0;0;1;0;0;1;2;1;1;0;0;0;0;0;0;1;0;0;0;1;0;0;0;0;0;0;0;2;2;1;0;0;1;1;0;0;0;1;2;0;2;1;0;0;1;2;3;0;0;5;0;0;0;0;2;0;3;0;0;1;1;0;0;0;1;0;1;3;0;0;0;2;0;0;2;2;1;0;4;2;3;4;2;0;1;0;2;0;0;0;2;0;1;0;1;0;1;2;2;2;3;0;1;5;0;0;0;1;1;0;2;0;0;12;0;0;3;1;0;2;0;2;0;0;1;3;21;3;2;0;0;2;3;2;3;0;6;3;13;7;0;3;7;1;1;0;5;8;0;0;0;5;8;4;3;12;5;0;0;4;2;11;3;3;3;5;5;1;9;0;4;8;3;1;4;5;11;4;1;0;0;1;5;5;0;0;2;6;1;1;12;8;8;3;0;6;5;4;4;8;0;0;29;2;6;0;5;12;4;0;3;9;4;0;36;19;10;12;0;9;13;17;0;25;0;19;25;4;15;0;20;51;11;2;3;8;0;7;762;7;14;22;16;8;10;21;17;27;20;18;30;44;10;10;22;61;27;64;28;38;9;55;0;2;55;3;35;7;0;282;0;26;47;29;154;36;22;35;1;3;56;96;91;66;24;0;0;47;87;102;24;131;189;140;1159;106;283;273;334;8493
;ID|25014905;2;0;0;1;0;1;1;0;1;0;0;0;2;0;0;1;1;0;8;1;0;0;0;0;0;0;0;0;0;0;2;0;0;1;1;0;0;0;1;0;5;1;1;0;2;0;2;0;1;1;1;0;1;0;0;0;0;0;0;0;1;0;0;2;0;0;0;0;2;0;0;3;0;0;0;0;0;1;1;1;4;2;0;0;0;2;0;1;2;1;3;0;0;1;2;0;0;0;1;0;2;4;2;0;2;0;0;3;0;1;0;0;1;1;0;1;0;1;0;1;1;0;0;0;0;1;19;0;2;0;3;1;2;3;0;0;1;4;3;1;2;2;6;0;1;3;3;0;1;0;3;2;0;1;0;3;2;2;0;0;1;0;1;1;3;3;3;3;6;0;12;2;3;0;2;4;3;4;3;1;5;0;0;0;0;0;5;2;0;0;6;5;0;1;1;2;7;5;1;4;3;2;1;3;6;5;8;2;1;0;2;8;1;0;10;3;12;0;2;11;76;1;1;4;9;1;0;15;0;9;22;13;14;0;2;1;8;2;58;18;0;1;0;8;13;13;18;16;41;25;83;7;31;28;20;19;18;7;12;36;19;36;20;25;43;16;0;24;32;0;23;9;0;11;0;46;27;27;61;111;34;81;0;32;45;24;74;55;20;1;0;51;68;150;147;107;135;284;214;252;180;148;210;2008
;ID|25014914;0;0;0;1;0;0;0;0;3;0;1;1;0;0;1;0;3;1;0;1;0;0;0;0;1;0;0;0;0;1;0;1;1;1;5;0;1;1;0;0;1;2;1;1;0;0;0;0;2;1;3;0;0;0;1;2;2;0;2;1;2;0;0;3;0;1;0;0;0;0;2;0;5;1;0;5;2;2;4;0;3;2;3;1;0;1;3;3;0;0;1;0;0;5;1;0;0;0;0;0;4;3;1;4;4;0;2;2;0;0;1;3;0;0;4;3;0;2;1;3;2;1;3;2;0;4;2;0;1;1;1;3;1;0;0;1;2;2;1;1;3;2;14;0;0;8;2;1;0;0;1;6;0;5;0;0;3;0;2;0;0;5;0;7;1;14;4;5;3;1;1;1;3;4;2;7;5;6;1;8;6;1;1;6;1;0;15;4;0;0;2;9;0;1;14;11;12;9;0;14;6;26;5;11;7;6;11;0;11;15;3;11;7;0;3;1;9;11;77;13;10;15;3;16;13;8;9;56;0;12;14;26;15;2;6;37;6;10;1;16;2;11;2;25;31;16;18;18;20;24;50;4;22;12;25;48;23;8;37;60;22;134;11;28;103;135;5;9;76;15;11;10;35;84;7;22;34;45;26;25;29;179;17;50;102;53;295;72;87;29;0;196;95;65;26;130;368;225;13;291;450;301;391;2266
;ID|25014921;1;0;0;3;0;0;3;1;1;0;1;0;1;0;0;0;0;0;0;0;1;1;0;2;0;0;0;0;0;1;0;0;0;2;1;0;0;0;0;0;2;2;1;0;3;0;0;0;0;0;0;0;0;0;0;0;0;0;0;0;0;1;0;2;2;0;1;0;0;0;42;0;3;1;0;1;0;0;1;1;0;2;1;1;3;0;0;0;0;0;3;0;0;1;2;0;0;0;1;1;1;2;2;2;0;0;1;1;0;0;0;2;3;0;1;0;0;0;1;5;0;5;1;2;0;3;1;0;2;0;1;4;5;2;2;0;4;1;3;3;2;0;3;3;0;2;0;0;1;0;7;0;0;0;0;3;5;1;4;0;1;0;0;2;4;2;3;6;3;4;0;4;2;0;7;3;3;1;8;8;2;4;2;1;0;0;7;0;0;0;5;1;0;0;2;7;5;3;0;2;7;2;4;1;4;1;3;0;2;0;4;2;1;0;3;11;13;0;1;6;38;31;2;2;11;5;1;11;0;8;13;4;11;1;3;20;11;0;1;27;0;1;0;20;13;8;17;4;13;8;20;1;15;31;11;23;22;13;34;25;63;16;26;31;1;26;0;2;26;4;12;19;0;34;1;16;39;34;21;38;21;76;1;7;61;48;52;48;11;0;0;48;64;54;33;117;160;83;4;59;188;235;196;319
;ID|25014922;0;0;0;0;0;1;2;0;1;1;0;1;0;0;0;0;2;0;0;1;0;0;0;0;1;0;0;0;0;0;0;0;1;1;0;0;0;0;0;0;0;0;1;0;2;0;2;0;2;0;1;0;0;0;0;0;1;0;1;0;4;0;0;1;3;1;0;0;0;0;1;3;0;3;0;0;1;0;1;2;0;0;0;1;1;2;0;2;2;1;1;0;0;0;0;0;2;0;2;0;2;1;1;0;1;0;0;3;0;0;4;1;1;1;2;1;0;0;0;1;3;0;1;0;0;0;0;2;0;2;0;1;1;2;0;0;3;2;2;0;3;2;1;0;1;6;1;0;0;0;2;1;0;1;0;1;2;1;3;2;7;8;0;7;7;4;4;3;5;0;2;4;8;3;3;3;4;0;0;2;4;2;3;5;3;0;7;4;2;0;2;1;1;0;2;3;10;2;4;15;7;14;1;3;2;15;7;1;2;1;3;1;1;0;10;4;6;3;1;12;2;1;9;5;10;6;9;20;0;10;7;52;5;1;13;6;16;6;0;5;11;9;0;11;16;12;10;13;9;15;29;0;9;12;19;30;6;12;12;27;14;37;82;48;12;20;16;22;29;2;3;15;13;64;15;33;38;22;54;41;9;25;24;218;25;37;20;43;112;21;0;98;100;80;52;98;148;85;11;134;173;208;187;1819
;ID|25014923;1;0;0;2;0;0;1;0;2;0;0;1;1;1;0;0;3;2;0;2;0;0;0;0;1;0;1;0;0;2;0;0;2;0;0;1;1;3;0;0;17;0;2;1;7;4;0;0;0;0;0;0;0;0;0;0;1;0;4;1;5;1;0;0;4;1;0;0;1;0;0;0;2;1;0;3;1;1;0;0;1;0;1;0;4;1;0;0;1;1;0;0;0;2;1;1;5;0;6;0;1;1;6;2;2;0;0;0;0;0;0;0;1;2;0;0;0;0;2;1;1;1;0;2;0;0;1;0;1;0;1;2;1;1;0;35;3;3;3;3;5;5;3;9;1;2;2;2;1;0;5;1;0;2;0;5;3;3;0;3;6;0;1;6;9;3;4;0;4;2;2;2;2;2;5;4;4;0;1;15;4;0;1;0;0;1;4;2;0;0;3;8;0;29;7;6;9;1;2;6;8;19;8;6;0;3;13;1;2;0;6;7;0;0;35;3;6;0;89;23;7;1;1;2;11;15;6;27;0;12;18;15;10;0;12;9;22;3;3;11;0;13;6;10;15;18;14;10;48;8;11;278;12;16;36;18;14;8;22;81;18;52;43;28;9;47;0;6;40;326;77;14;0;177;1;32;32;46;24;31;11;61;5;14;46;106;127;56;86;0;0;82;204;73;29;177;234;76;267;100;282;178;330;1940
;ID|25014925;2;0;0;1;0;0;0;1;1;0;1;0;4;0;0;0;1;0;0;0;0;0;0;0;0;1;2;0;0;0;2;1;2;1;0;1;0;0;0;0;13;3;3;0;0;5;0;0;1;0;1;1;0;3;0;1;0;0;0;1;0;0;0;3;1;0;0;0;0;0;0;0;2;1;0;4;0;2;0;2;0;0;2;2;4;1;0;0;0;0;4;0;0;2;0;0;1;0;8;0;0;0;0;3;0;0;3;0;0;1;0;1;3;3;0;2;0;0;0;1;0;0;0;2;0;4;1;0;1;1;4;5;1;1;0;6;0;0;5;1;1;5;3;0;0;6;2;2;1;0;2;4;0;1;0;2;1;1;2;2;1;1;0;3;5;5;3;2;3;1;0;0;2;0;3;2;3;0;1;12;5;3;0;2;0;0;8;4;0;0;3;2;0;7;5;2;8;0;4;4;11;14;2;5;3;0;12;3;12;2;4;8;1;0;26;5;12;2;96;19;5;6;0;2;8;17;3;23;0;7;19;19;16;0;15;12;13;1;7;6;3;7;2;8;23;15;5;13;48;15;14;191;12;13;32;16;4;10;17;69;13;51;40;31;13;65;5;2;42;94;73;6;0;185;1;26;33;47;22;27;11;58;5;17;40;84;101;50;83;7;0;72;202;81;23;189;231;75;211;93;241;173;304;1947
;ID|25014926;0;0;0;3;0;1;0;0;1;0;1;0;1;0;0;0;1;2;0;1;0;0;0;0;9;0;0;0;0;1;1;0;1;1;26;0;0;1;2;1;0;1;0;0;3;3;1;0;1;0;0;0;1;1;0;1;1;0;1;0;1;0;0;0;0;0;0;0;0;0;2;1;0;0;0;0;4;0;1;1;3;2;0;2;0;0;3;0;0;2;0;0;0;0;0;1;4;0;1;0;3;1;3;1;1;0;0;2;0;0;1;1;1;2;0;5;0;0;0;1;1;3;4;0;0;3;0;1;0;1;1;6;1;1;0;2;2;1;4;2;8;0;28;1;0;5;1;4;2;0;5;3;1;1;0;4;2;3;5;6;3;5;47;4;1;9;3;1;2;4;2;1;6;0;5;9;6;8;3;9;9;0;0;7;8;1;6;4;8;0;1;12;1;11;7;2;11;5;4;7;10;0;9;6;11;0;11;1;9;5;11;8;11;0;3;3;15;4;74;23;7;14;13;47;10;8;1;19;0;4;21;11;8;0;10;17;11;7;6;11;6;31;0;9;28;15;16;8;15;23;19;1;20;8;30;13;24;14;27;55;16;43;19;29;81;41;18;22;28;10;65;8;22;50;14;28;44;41;53;49;15;43;37;19;52;36;81;68;11;6;0;88;44;79;21;101;128;127;233;247;228;192;474;2447
;ID|25014933;0;0;0;0;0;0;0;0;0;0;1;1;0;0;1;0;0;0;0;2;5;0;0;0;0;0;1;0;0;1;2;0;0;1;0;0;0;1;2;0;0;1;1;0;1;0;0;0;3;1;0;6;3;1;0;1;0;0;0;0;1;0;0;8;5;1;1;1;0;0;0;1;1;2;0;1;0;2;2;0;0;0;0;3;4;0;2;0;0;4;3;0;0;1;2;0;1;0;0;3;0;1;0;0;3;0;3;4;0;8;0;4;1;2;0;0;0;0;2;0;0;1;0;0;0;2;0;0;0;4;0;1;7;0;53;2;3;0;1;0;2;3;1;2;0;4;7;7;1;0;5;4;0;4;0;0;0;0;2;0;17;0;0;1;5;6;3;9;3;6;7;19;5;0;0;1;3;10;10;3;3;5;3;18;0;1;2;8;0;0;1;4;0;2;1;2;5;3;2;4;3;0;7;4;1;2;0;34;8;0;20;5;0;0;8;2;4;0;0;8;1;6;0;5;5;5;0;0;0;7;5;5;6;0;30;0;12;0;1;11;0;412;0;10;31;24;33;4;8;2;33;0;4;5;37;19;5;41;25;11;38;14;21;47;2;10;0;11;20;4;2;8;0;12;0;45;54;23;16;9;48;27;1;51;35;29;16;30;66;0;0;53;55;59;19;46;129;77;71;64;162;119;173;867
;ID|25014949;2;0;0;5;0;0;1;2;1;0;0;0;0;2;0;0;0;0;0;0;0;0;0;3;0;0;0;0;0;0;0;3;6;0;3;0;2;5;2;0;1;1;1;0;0;0;0;0;0;1;1;1;0;0;0;0;0;0;1;0;1;0;0;1;1;0;2;2;1;0;3;0;0;1;0;1;3;1;0;0;1;0;1;0;1;1;0;1;0;0;3;0;0;0;1;1;0;0;1;0;1;3;1;1;2;0;0;3;0;0;0;3;3;2;2;0;0;0;0;0;0;0;0;0;0;2;0;0;1;0;0;3;1;2;0;0;2;1;1;3;2;1;22;0;0;3;4;3;1;0;0;3;1;2;0;1;2;2;1;5;2;2;48;2;4;3;3;2;4;1;2;1;5;2;2;8;3;5;3;7;14;0;0;2;6;0;7;4;4;0;2;12;3;0;16;2;6;4;0;7;11;1;3;5;0;0;11;0;3;4;6;9;5;0;1;6;6;8;68;18;6;20;11;47;6;13;0;19;0;6;24;6;10;3;3;19;6;7;6;8;4;21;0;9;23;15;12;11;15;20;15;3;22;16;19;19;7;6;22;44;8;51;20;23;89;55;13;20;43;2;85;8;19;52;6;32;29;37;40;45;20;47;40;17;51;58;104;46;13;9;0;92;62;68;31;117;103;118;136;252;235;167;473;2098
;ID|25014951;0;1;1;0;0;0;0;0;1;0;0;1;1;0;1;0;0;0;0;0;1;0;0;0;0;0;0;0;0;0;2;1;1;0;1;0;0;0;0;0;2;1;0;0;0;0;0;3;1;0;0;0;0;1;0;3;0;0;0;0;2;0;0;0;1;0;0;0;0;0;0;1;0;0;0;0;2;0;1;0;0;0;0;0;0;1;0;3;0;3;1;0;0;3;1;0;2;0;0;0;0;0;0;0;2;0;0;3;0;0;3;1;1;3;3;0;0;0;0;0;0;0;0;1;0;3;0;0;0;0;0;1;0;2;0;1;2;0;2;0;3;0;6;0;0;2;4;0;1;0;3;2;0;1;0;0;1;1;0;0;9;6;1;1;5;4;4;1;2;4;0;7;0;1;5;6;4;0;1;1;4;1;8;6;3;2;7;2;1;0;2;6;0;1;3;8;3;1;2;13;9;17;3;2;0;19;22;0;2;1;3;1;0;0;16;4;9;1;3;9;4;4;8;2;11;6;10;15;0;10;5;64;3;2;8;8;12;8;2;3;6;2;1;12;9;9;8;13;7;6;33;0;9;10;9;32;11;17;12;30;8;29;71;45;7;34;13;45;38;40;4;6;16;49;13;18;38;23;44;36;8;21;27;221;35;42;35;29;125;25;0;85;100;76;43;81;147;64;4;141;160;199;176;1717
;ID|25014952;0;0;0;2;0;1;0;1;2;3;0;1;1;0;0;1;0;0;0;1;0;1;0;0;0;0;2;3;0;0;2;1;0;0;1;0;0;0;1;0;0;1;1;0;2;1;3;0;0;0;1;1;1;0;0;0;1;0;0;1;0;2;0;0;8;0;1;0;1;1;1;2;3;6;0;1;2;0;2;1;3;0;13;1;2;1;1;0;0;2;0;0;0;0;7;1;3;0;3;0;3;2;2;2;0;0;0;2;0;0;2;5;2;2;1;4;0;1;8;4;0;1;1;4;0;4;0;9;2;2;3;3;5;1;1;1;3;2;9;3;0;5;0;0;1;4;3;1;2;0;5;5;0;3;0;13;4;3;4;8;3;5;0;7;4;4;3;6;3;5;15;4;4;2;3;2;3;3;6;13;4;7;9;6;13;1;5;1;0;0;4;8;0;7;1;6;5;1;2;9;8;34;4;3;4;7;2;1;2;0;3;9;1;0;5;19;34;1;0;7;9;14;12;6;16;4;4;7;0;21;32;10;12;10;15;39;18;39;13;16;64;3;0;60;19;11;28;13;15;25;32;172;7;13;32;32;17;9;37;20;28;9;28;52;0;35;65;19;24;11;16;50;186;26;244;74;83;62;80;25;44;35;153;45;61;67;50;56;45;132;0;77;117;76;57;151;296;108;78;66;168;358;350;1529
;ID|25014956;0;0;2;0;0;0;0;1;1;0;0;0;0;0;0;0;0;1;2;1;0;0;2;0;0;0;0;0;0;1;1;0;0;1;0;2;1;1;0;0;0;3;0;0;1;0;0;1;2;1;0;0;2;0;2;11;1;0;4;1;0;1;0;1;0;0;0;0;1;0;0;0;0;1;0;0;0;1;2;1;1;0;4;0;0;1;4;18;0;1;1;0;0;0;0;1;1;0;1;0;2;2;2;1;1;0;0;2;0;5;5;0;3;0;0;0;0;3;0;5;0;1;1;3;0;1;0;0;2;2;1;0;8;4;1;1;2;6;3;4;2;7;0;0;0;8;3;5;8;0;2;5;0;3;0;5;4;5;3;4;5;0;0;3;2;0;2;1;5;10;1;3;4;3;15;1;3;1;3;2;3;17;1;2;0;0;4;3;0;0;5;3;1;0;2;3;6;9;17;0;7;1;3;4;4;0;6;11;4;0;10;8;1;0;13;11;3;0;1;23;11;7;1;3;14;15;2;12;0;11;10;6;4;0;15;11;9;3;0;6;0;4;0;10;27;25;15;17;7;19;19;8;5;9;68;24;15;10;28;23;34;13;19;26;4;17;0;8;42;3;7;31;1;20;5;14;28;25;8;125;39;33;3;19;70;52;30;46;47;0;0;60;62;76;154;87;140;124;45;115;429;224;461;1955
;ID|25014957;0;0;0;0;0;0;0;1;1;0;0;0;0;25;0;1;0;0;0;0;0;0;0;0;0;0;6;6;0;0;0;0;1;0;0;0;1;1;1;1;0;0;1;0;0;0;0;0;0;0;0;0;0;2;0;1;1;2;1;0;0;0;2;1;0;1;0;1;0;0;0;0;0;1;0;0;0;1;3;0;1;0;0;0;2;0;0;0;2;2;1;0;3;1;0;0;0;4;0;0;0;0;0;1;2;2;2;1;4;0;0;0;0;0;1;1;4;0;0;0;1;0;0;0;3;0;0;5;0;1;0;2;0;0;0;0;0;1;0;0;4;0;0;13;0;1;0;3;2;4;2;0;2;2;109;0;1;0;2;0;1;7;0;6;0;3;5;1;2;0;2;1;0;4;0;3;5;2;2;4;3;0;1;3;7;0;1;0;12;1;0;3;1;1;1;0;4;4;7;10;1;0;2;1;0;0;3;0;6;31;4;2;0;17;1;7;3;20;0;3;1;3;18;8;1;10;10;7;26;14;3;5;6;16;4;15;3;20;0;7;30;4;0;7;4;5;10;13;10;4;11;0;4;13;12;9;5;5;23;6;13;6;14;8;2;6;87;24;10;0;0;16;53;14;93;11;17;6;8;7;17;14;132;4;16;12;25;22;8;127;14;54;26;34;3;50;24;40;7;218;50;30;97;1045
;ID|25014961;0;0;0;0;0;0;0;0;0;0;0;1;0;0;1;0;0;1;0;1;2;0;0;1;0;0;1;0;0;0;1;0;1;0;0;1;0;0;2;0;0;0;3;0;0;0;0;0;2;0;1;0;1;1;0;0;0;0;0;3;0;0;0;2;1;1;2;1;0;0;0;0;2;0;0;1;2;1;1;0;4;2;1;2;2;2;6;1;8;5;1;0;0;0;2;0;2;0;0;0;2;0;1;1;0;0;2;0;0;1;0;1;2;2;2;0;0;0;0;1;3;2;0;2;0;1;0;0;0;0;1;1;0;8;0;0;2;0;4;1;2;2;1;0;2;4;2;1;7;0;1;4;0;3;0;3;2;2;6;0;2;0;1;2;3;1;4;0;1;4;0;4;3;5;3;4;4;3;3;21;4;11;0;2;0;0;2;7;0;0;4;2;0;0;10;3;9;1;1;4;5;2;5;4;1;10;7;6;7;0;5;4;0;0;3;1;3;0;0;2;2;5;0;3;6;5;1;4;0;12;4;7;6;1;11;14;11;1;0;18;0;1;0;9;17;15;26;14;20;8;10;3;12;11;6;19;8;16;18;27;22;15;10;19;52;26;0;8;47;1;3;12;2;28;0;19;11;15;20;110;42;58;3;42;79;37;25;44;60;0;0;45;36;26;12;110;72;112;6;76;299;137;156;1832
;ID|25014974;1;0;0;0;0;0;0;0;1;0;0;1;1;0;2;0;1;3;1;0;0;0;0;0;0;0;0;0;0;0;0;1;0;0;0;0;0;1;0;0;0;0;3;1;2;1;0;0;3;1;5;0;3;2;0;0;3;0;1;0;0;1;0;5;0;14;0;0;0;0;0;0;3;1;0;1;3;3;3;2;1;2;1;0;0;0;0;1;22;1;1;0;0;4;3;2;1;0;0;0;4;0;1;4;1;0;1;0;0;4;4;3;4;1;0;3;0;0;0;2;1;1;2;1;0;3;0;0;1;0;1;2;0;22;1;0;7;0;0;0;6;8;0;4;2;4;0;3;5;0;5;0;0;2;0;4;4;1;9;1;1;0;0;0;3;2;4;10;3;4;4;2;2;1;1;4;4;15;8;0;8;2;2;3;13;1;10;6;0;0;7;12;2;0;13;5;2;4;11;2;12;0;5;45;0;4;4;7;5;0;18;9;3;0;6;0;4;0;0;11;11;7;1;4;28;11;2;11;0;13;11;10;9;0;7;11;17;3;1;21;1;14;0;9;27;15;26;10;9;12;20;1;17;14;35;24;16;13;42;24;26;14;19;39;231;38;10;36;65;4;12;14;0;18;7;20;48;70;10;74;51;56;4;2;89;55;32;81;11;16;0;132;84;48;11;108;86;144;8;113;426;244;280;1527
;ID|25014979;1;0;1;0;0;0;0;0;2;0;1;1;1;0;0;0;1;1;1;1;0;0;0;1;0;0;0;1;0;1;0;0;1;0;0;0;0;3;3;0;1;0;0;1;3;0;1;1;0;4;0;10;0;2;0;0;0;0;2;0;0;1;0;0;6;1;1;1;1;0;0;3;3;2;0;1;0;2;2;1;2;1;1;3;0;1;2;0;0;3;1;0;0;1;2;0;2;0;2;3;2;3;5;1;1;0;0;0;0;0;0;2;1;15;1;2;0;1;0;3;0;3;0;5;0;3;2;1;1;14;5;2;0;2;0;2;0;1;7;9;6;1;7;1;0;1;5;3;6;0;1;2;1;4;0;5;4;2;2;8;0;16;16;2;6;14;4;1;8;3;2;10;1;4;1;5;3;6;1;18;3;9;1;2;15;0;6;8;4;0;3;4;3;2;6;7;8;5;1;5;11;1;2;2;12;0;19;1;9;7;5;2;2;0;4;5;9;2;3;23;12;11;5;54;9;16;4;23;0;21;26;23;14;1;21;18;26;9;17;10;5;12;1;11;26;19;10;25;24;19;17;3;14;18;23;16;14;44;37;23;24;22;30;74;18;25;53;2;40;28;37;14;18;33;17;54;59;19;73;68;45;40;44;54;75;120;103;58;20;30;0;152;77;84;37;118;189;168;386;211;202;232;487;2911
;ID|25014997;2;0;0;1;0;0;0;0;0;1;1;0;2;0;0;0;2;0;0;0;0;0;0;0;0;0;0;0;0;3;1;1;3;0;1;0;1;0;4;0;0;0;2;0;2;2;2;0;1;1;2;0;0;8;0;0;1;0;0;0;4;0;0;0;0;0;1;0;1;1;0;0;0;0;0;2;1;1;1;2;1;0;4;0;3;4;1;2;1;1;2;0;0;2;1;0;5;0;7;4;1;3;1;3;1;0;0;3;0;0;2;0;1;1;1;1;0;10;1;2;2;3;0;1;0;1;1;0;1;1;17;1;1;1;0;32;4;1;3;5;15;3;9;7;0;3;2;0;2;0;4;6;0;1;0;4;4;0;2;8;2;0;1;1;4;7;4;2;2;3;3;0;4;2;3;2;4;2;3;5;9;1;4;0;0;0;7;7;0;0;1;7;2;7;7;6;7;3;6;12;6;5;2;10;0;0;16;0;9;0;4;8;25;0;5;10;6;0;28;32;8;12;1;9;14;17;0;21;0;16;24;9;17;0;14;42;9;1;4;15;0;20;778;6;13;10;14;12;13;66;15;33;15;13;23;21;14;13;27;55;32;52;38;29;6;73;0;4;47;72;59;4;0;284;0;25;56;39;151;36;19;38;1;2;71;71;68;54;23;0;0;63;83;84;35;97;184;120;1123;111;275;296;310;8526
;ID|25014998;0;0;2;0;0;0;0;1;0;0;3;1;1;0;0;2;0;1;0;1;9;0;0;0;0;0;0;0;0;0;1;1;1;4;2;0;0;0;1;0;0;0;0;0;0;0;0;0;0;0;0;3;6;1;0;0;1;0;0;0;0;0;0;7;1;0;0;1;0;0;0;2;1;1;0;2;1;4;1;3;1;0;0;0;1;1;1;0;0;3;1;0;0;1;6;0;3;0;0;0;1;2;2;0;7;0;1;5;0;8;0;1;2;2;2;0;0;0;2;4;2;1;2;1;0;0;0;0;0;3;0;3;2;0;74;0;1;5;3;0;5;8;0;4;0;2;6;7;0;0;2;2;0;0;0;0;3;0;3;3;18;0;0;5;0;4;3;16;3;6;5;27;2;0;1;2;3;24;2;5;8;4;4;22;2;0;5;4;0;0;5;10;0;0;2;2;1;3;1;7;4;2;2;13;0;10;0;19;0;0;70;9;3;0;11;5;3;0;0;3;2;6;1;4;10;8;1;0;0;5;14;3;13;0;18;1;14;1;1;4;0;3;0;11;30;15;25;17;6;1;37;2;4;6;21;20;3;14;24;13;73;3;39;18;1;12;0;7;28;2;2;5;0;13;0;30;38;29;14;18;61;58;0;68;49;49;28;31;91;0;0;60;61;56;32;75;116;113;82;59;269;162;204;895
;ID|25015024;0;0;16;0;0;0;0;0;0;3;0;3;0;0;0;0;1;0;0;0;0;0;0;2;0;32;0;0;0;1;1;0;1;3;0;0;0;0;4;1;0;0;0;0;1;1;0;0;0;1;0;0;1;0;0;1;3;0;0;4;0;1;0;0;0;0;1;0;0;0;0;1;0;0;0;0;1;0;0;1;1;1;0;0;0;3;0;1;0;1;2;0;0;0;1;0;0;0;0;1;0;2;1;1;0;0;0;1;0;1;2;0;0;0;3;0;0;0;3;0;0;2;0;0;0;0;0;6;1;3;1;1;3;3;0;0;2;1;1;1;2;2;5;0;2;1;5;0;0;0;1;1;0;5;0;2;2;4;2;3;1;9;0;4;4;5;3;0;3;1;0;3;1;0;3;1;3;2;1;5;6;0;4;0;3;0;4;1;2;0;3;2;0;1;3;0;2;8;0;2;4;2;0;7;1;0;3;0;1;1;7;5;0;0;3;2;2;0;1;8;5;4;152;6;7;4;70;10;0;11;6;13;29;4;11;9;13;40;1;9;52;5;0;20;13;4;14;19;61;2;28;0;8;5;13;10;10;11;17;19;8;11;16;13;7;18;68;10;18;14;20;10;119;9;56;19;23;15;31;50;15;44;269;39;27;42;53;40;71;99;0;56;25;54;15;54;45;91;62;144;91;120;231;188
;ID|25015033;3;0;0;0;0;0;1;1;0;1;2;2;0;0;0;1;0;2;1;0;0;0;0;0;0;0;0;0;0;0;2;0;0;0;0;2;0;1;3;0;2;3;0;0;2;0;0;0;2;0;2;0;0;0;0;0;0;0;0;0;0;0;0;1;1;0;1;0;2;0;1;6;1;1;0;0;3;1;3;0;1;0;0;5;4;0;4;0;0;0;0;0;0;1;2;0;2;0;10;0;6;3;3;0;2;0;2;1;0;0;0;2;3;8;0;1;0;0;3;3;3;1;2;1;0;2;0;1;3;0;0;4;0;1;1;25;2;7;4;2;10;4;0;0;0;3;4;4;1;0;2;2;0;1;0;6;1;5;2;3;0;0;1;4;1;0;5;0;10;5;0;1;11;1;3;9;4;30;2;1;8;2;4;6;1;0;3;5;0;0;1;7;0;4;1;6;12;2;74;5;12;1;4;3;49;13;16;1;8;0;37;3;3;0;3;7;29;0;1;13;6;2;2;4;17;16;0;2;0;12;23;21;7;0;7;17;11;2;255;8;0;3;0;19;28;24;12;8;16;9;24;1;27;12;26;35;17;10;36;13;23;23;42;42;5;34;0;12;18;60;140;9;0;29;0;51;50;52;8;42;18;58;5;40;72;65;65;54;99;0;0;72;84;151;90;161;214;192;311;132;223;360;263;549
;ID|25015040;0;0;0;0;0;0;2;0;0;2;2;0;0;0;0;1;0;0;0;0;0;0;0;2;0;0;1;0;0;0;0;1;3;2;2;0;1;2;0;0;0;0;0;0;2;1;0;0;1;0;2;0;0;0;0;0;1;0;0;0;1;1;0;1;1;1;3;0;1;0;0;1;1;5;0;1;0;1;3;0;0;3;0;4;1;2;0;1;1;0;1;0;0;0;2;0;3;0;3;0;2;2;5;1;2;0;0;0;0;1;1;0;1;1;0;0;0;3;0;2;2;2;1;3;0;4;0;0;0;2;6;5;2;1;1;4;2;0;2;0;1;1;0;0;0;5;3;5;2;0;2;2;0;2;0;9;5;1;0;1;0;0;0;1;3;2;2;3;2;2;9;4;4;1;4;5;2;0;6;3;3;6;0;2;0;0;8;4;0;0;6;9;0;6;1;2;6;8;4;6;6;1;7;1;6;1;9;1;12;0;5;7;2;0;5;5;11;0;0;5;30;40;6;4;7;5;2;14;0;11;15;3;13;0;22;24;12;2;0;40;0;5;0;11;14;11;16;11;13;16;11;4;10;28;15;18;11;20;25;18;58;30;10;35;1;19;0;4;32;35;9;22;0;27;0;30;32;28;18;49;30;60;1;10;62;59;41;67;16;0;0;50;68;65;36;110;163;63;7;75;217;228;222;312
;ID|25015041;0;0;0;2;0;0;1;1;0;0;0;0;0;0;2;0;1;1;0;1;0;0;0;2;0;0;0;0;0;0;0;1;1;1;2;0;3;1;0;0;1;0;1;0;0;0;0;0;2;0;0;0;0;3;0;0;0;0;2;0;0;2;0;1;1;0;25;0;0;0;0;1;7;3;0;2;0;1;1;1;0;2;0;0;1;2;0;0;0;1;2;0;0;0;2;1;0;0;4;1;2;2;6;1;0;0;1;0;0;0;7;1;2;3;0;0;0;2;1;0;1;2;1;2;0;4;1;0;0;0;2;2;5;1;1;0;12;1;2;3;2;0;1;2;1;1;1;3;1;0;5;2;0;10;0;6;6;2;3;1;1;0;0;4;6;2;2;7;6;2;7;3;10;0;5;3;2;1;8;1;2;3;1;2;2;3;4;3;0;0;6;8;0;1;2;5;11;3;4;5;3;4;7;2;7;3;3;0;3;0;1;5;2;0;7;10;10;0;1;3;42;32;1;2;7;4;0;8;0;10;14;3;9;0;5;21;19;0;2;40;0;2;0;12;11;11;9;6;13;10;14;2;9;32;14;19;18;15;20;23;64;20;20;27;2;39;0;2;25;27;6;19;0;33;1;15;42;44;14;47;19;77;1;10;66;47;52;44;17;0;0;39;70;51;43;91;168;86;9;80;203;216;204;311
;ID|25015044;1;0;0;1;0;1;0;0;1;1;0;0;0;0;0;0;0;0;10;2;0;1;0;1;0;0;0;0;0;3;0;2;3;0;0;1;1;0;2;0;1;0;0;0;0;6;4;0;1;1;0;0;2;0;1;0;1;0;2;1;1;0;0;0;1;0;0;0;1;0;0;2;0;1;0;1;0;0;1;0;2;1;0;0;2;2;0;0;4;0;1;0;0;0;2;0;2;0;2;0;0;10;1;3;4;0;0;0;0;0;0;0;1;0;0;2;0;1;0;3;3;0;1;2;0;0;19;0;1;0;1;0;2;2;0;2;4;4;4;0;2;8;6;1;1;3;4;0;3;0;2;4;0;3;0;1;2;1;2;0;3;0;1;2;1;1;2;2;6;3;4;4;12;0;6;3;5;6;1;7;3;0;1;1;0;3;5;3;0;0;1;7;0;100;1;7;7;3;2;1;11;20;1;6;4;1;12;5;3;0;1;9;14;0;6;5;22;0;2;16;87;7;0;4;13;4;4;10;0;5;21;6;11;0;9;1;16;1;51;8;0;4;0;12;20;14;11;15;39;76;76;10;44;20;20;18;21;7;30;27;17;33;14;33;69;33;1;37;29;116;22;15;0;22;2;36;40;50;60;111;27;75;0;29;29;48;68;62;18;1;0;50;90;147;175;135;152;250;218;243;188;184;259;1469
;ID|25015045;0;0;0;0;0;0;0;0;2;0;2;2;1;0;1;1;0;1;3;0;0;0;0;0;0;0;0;0;0;2;0;0;1;0;0;1;0;0;1;1;1;0;0;0;1;0;4;2;3;0;1;1;0;1;0;1;2;0;1;0;2;2;0;1;1;0;0;0;2;0;0;2;0;3;0;0;1;3;1;3;4;0;2;1;3;4;0;0;4;0;0;0;0;1;0;0;1;0;1;0;1;3;4;1;2;0;0;4;0;0;1;3;2;0;0;2;0;1;0;1;2;0;4;0;0;0;20;0;3;0;1;4;3;2;0;2;0;3;3;2;6;3;9;0;1;2;2;2;3;0;7;3;0;1;0;1;3;0;6;1;9;0;1;9;4;5;4;3;6;3;7;2;2;0;4;3;3;2;4;3;4;2;3;1;0;72;10;3;0;0;4;3;0;1;2;8;7;3;3;2;7;22;3;6;1;0;7;10;1;0;1;13;14;0;5;3;18;0;0;10;78;3;0;5;17;1;4;12;0;5;21;18;6;0;4;2;12;0;94;3;0;8;0;13;21;12;22;12;50;41;77;9;28;14;31;19;28;346;23;42;26;44;16;40;116;41;0;31;33;3;35;13;0;24;1;53;44;52;66;121;20;92;1;23;40;40;61;81;19;1;0;53;91;174;172;158;138;283;198;258;195;192;268;1572
;ID|25015061;0;0;0;8;0;1;0;0;0;0;0;0;0;0;1;0;1;1;0;1;0;0;0;0;1;0;1;1;0;2;0;1;1;0;0;1;1;0;0;0;0;0;0;1;0;2;0;2;4;1;0;1;1;0;0;0;0;0;0;0;0;1;0;0;4;1;0;1;1;0;0;1;1;0;0;2;2;0;1;5;0;1;0;1;1;1;1;0;2;0;0;0;0;2;0;2;1;0;0;4;4;0;0;1;0;0;7;1;0;4;2;4;3;2;0;1;0;0;1;2;3;0;0;10;0;3;1;0;0;3;0;4;0;0;1;9;5;0;0;4;0;3;2;1;1;0;3;0;9;0;0;6;0;1;0;4;4;3;1;0;1;0;0;3;6;7;4;5;1;5;2;11;0;2;13;3;4;5;7;2;4;11;0;1;1;1;1;7;0;0;5;7;0;33;4;5;1;6;7;1;4;1;6;3;0;34;19;1;9;0;1;3;0;0;5;4;3;0;0;2;1;23;0;42;10;8;5;58;0;12;5;3;10;0;2;39;7;1;4;21;0;3;1;11;17;24;15;20;241;9;11;4;9;7;24;18;8;9;25;24;17;19;16;18;3;20;1;0;81;16;9;11;0;12;0;25;20;19;24;33;34;45;3;15;65;55;122;38;24;3;0;66;50;34;30;166;68;99;8;46;444;206;202;1489
;ID|25015065;0;0;0;0;0;6;0;1;2;0;1;0;0;0;0;0;0;1;0;1;0;0;14;0;0;0;3;0;0;1;1;0;2;1;1;0;2;1;0;0;0;0;1;0;0;0;0;0;0;1;0;0;1;0;0;0;0;0;0;0;0;0;0;0;0;1;0;0;0;0;0;0;3;2;0;1;2;5;0;1;0;2;2;2;0;3;27;0;2;0;5;0;0;1;3;0;2;0;0;0;1;0;0;3;6;0;0;0;0;3;1;2;3;5;1;4;0;0;0;5;1;7;1;2;0;3;1;0;0;5;3;5;2;3;0;0;4;1;3;0;1;6;2;0;2;4;1;1;4;0;1;6;0;1;0;2;2;1;4;0;2;0;0;1;4;3;4;4;1;22;0;2;3;1;2;3;3;2;8;2;8;24;3;3;0;0;14;25;0;0;10;4;1;0;23;3;1;17;1;6;4;1;4;8;1;2;3;2;6;0;1;5;3;1;10;1;5;0;3;10;17;16;2;1;10;26;0;16;0;15;17;1;6;0;4;32;9;0;0;36;1;10;0;27;32;61;52;22;20;9;33;6;46;9;63;32;11;10;18;18;27;34;16;14;42;68;0;6;93;0;13;21;1;16;1;19;43;29;50;48;217;104;2;42;139;37;54;57;22;2;0;132;46;38;18;97;59;218;103;114;596;181;297;2580
;ID|25015068;0;0;0;0;0;0;0;0;1;1;0;0;0;0;1;0;0;1;0;1;3;2;0;0;0;0;1;0;0;1;0;0;0;0;0;0;0;0;0;0;0;0;0;0;1;0;0;0;0;0;0;0;2;0;1;1;0;2;0;0;0;0;1;1;0;0;0;0;3;1;0;1;0;0;0;1;0;0;0;1;0;0;0;0;0;2;0;0;0;1;0;0;1;1;1;0;0;2;0;9;0;0;2;0;3;5;0;1;2;0;0;0;0;2;0;0;2;0;0;4;0;0;1;7;1;1;1;0;1;0;0;1;0;0;0;0;1;0;0;0;3;0;1;0;0;0;1;2;0;2;0;0;0;1;0;4;1;2;3;0;0;0;0;2;1;1;6;1;1;3;0;1;4;3;2;1;6;2;4;12;2;1;1;0;0;0;1;1;2;15;7;3;0;0;3;0;1;8;6;0;3;4;2;0;0;31;1;10;5;6;1;0;0;10;2;1;1;6;0;6;2;1;1;3;17;11;99;8;10;8;3;1;2;0;9;10;6;5;0;63;6;1;0;18;20;28;37;11;3;0;8;0;8;7;11;16;2;6;14;2;26;9;7;4;2;9;1;9;33;0;0;0;2;8;6;31;70;22;20;40;114;14;1;39;47;32;12;31;127;132;251;26;16;18;7;50;88;44;290;42;281;122;173;135
;ID|25015080;2;0;0;0;0;0;1;0;0;1;1;1;0;0;1;0;1;0;0;2;0;1;0;0;0;0;0;2;0;1;0;1;0;2;0;0;1;0;1;0;0;6;1;0;1;0;0;0;0;0;2;2;0;1;1;1;2;0;0;0;3;6;0;4;0;0;0;0;1;0;0;6;0;0;0;0;3;1;0;1;0;0;0;2;6;1;0;0;0;0;1;0;0;3;3;0;1;0;1;0;2;0;2;1;3;0;3;1;0;0;1;0;2;0;0;0;0;4;16;5;6;0;0;5;0;2;2;0;2;1;9;0;0;2;0;0;3;0;3;0;3;0;6;3;1;4;4;5;1;0;3;3;0;1;0;3;5;3;3;2;7;0;2;6;3;4;3;0;5;1;2;2;0;2;4;5;3;7;9;7;6;1;1;3;0;1;6;5;1;0;1;6;0;2;2;3;5;5;2;5;4;10;4;15;5;0;7;1;2;0;9;11;1;0;7;23;6;0;0;5;9;4;2;4;13;3;2;23;1;24;20;1;19;1;7;8;34;2;7;11;1;25;0;13;28;9;20;25;17;19;46;0;35;21;22;20;17;18;38;16;19;23;19;20;29;37;0;57;44;2;5;7;1;51;0;22;53;48;9;38;41;110;1;4;42;30;188;45;12;0;0;72;85;96;29;117;167;140;57;798;175;178;294;917
;ID|25015081;1;0;1;0;0;0;0;2;0;0;0;0;1;0;0;2;1;2;0;0;0;0;0;0;1;0;0;1;0;0;1;2;0;1;0;3;0;0;1;0;0;3;1;1;0;0;0;0;0;0;0;2;0;1;0;1;1;0;1;1;4;4;0;2;0;0;0;0;0;1;1;5;1;0;0;0;2;1;2;2;1;0;0;3;1;2;0;0;0;6;0;0;0;2;0;0;1;0;0;0;2;1;2;1;3;0;16;1;0;1;0;1;1;1;0;0;0;1;20;5;5;5;2;8;0;0;0;0;2;0;7;7;1;2;2;0;0;0;4;0;2;1;9;1;7;2;5;1;0;0;1;3;0;0;0;3;1;1;5;1;6;0;0;3;7;1;5;3;4;5;17;2;6;2;5;10;4;6;5;5;2;1;4;2;0;0;10;3;0;0;6;5;0;0;0;3;4;2;2;5;3;7;8;14;5;1;7;1;2;0;5;10;2;0;6;13;1;0;0;10;9;1;0;1;17;5;2;14;1;19;14;2;14;0;4;11;22;2;6;10;0;5;0;13;12;20;18;34;16;45;50;0;31;6;17;28;9;9;30;19;17;17;15;13;27;39;0;44;41;0;4;13;0;62;0;17;26;36;12;49;37;101;1;5;41;48;166;59;10;0;0;67;76;96;23;111;181;146;44;801;191;181;309;911
;ID|25015085;2;0;0;1;0;1;1;3;0;0;0;3;1;0;0;0;1;0;1;0;0;0;0;0;0;0;0;0;0;0;0;0;0;1;0;1;0;3;2;0;1;4;1;0;4;3;1;0;3;1;2;0;0;3;0;1;3;0;0;1;1;0;0;3;1;0;0;0;2;0;0;5;0;0;0;3;1;1;4;0;1;0;1;4;2;0;0;1;0;0;3;0;0;2;3;0;0;0;7;0;4;0;0;2;2;0;0;1;0;1;3;0;1;3;0;4;0;0;0;2;2;1;1;1;0;0;1;0;2;3;2;3;3;2;1;0;4;5;4;4;4;2;0;4;0;7;3;2;3;0;2;2;1;0;0;2;3;5;5;2;4;0;2;7;4;4;3;2;9;1;3;2;19;2;5;10;3;28;3;2;7;4;2;3;0;1;2;4;0;0;6;5;3;4;1;4;9;7;60;5;12;0;3;1;32;18;13;9;2;0;19;10;3;0;7;5;25;0;3;16;8;8;0;1;7;14;0;2;0;5;15;28;7;0;4;25;14;2;273;9;0;28;0;23;17;19;14;8;15;89;16;2;20;14;26;30;18;106;23;22;25;25;28;44;1;30;0;16;25;12;132;87;0;34;1;49;69;58;17;26;24;46;1;43;58;66;58;37;112;2;0;67;87;118;72;142;188;200;300;125;193;355;266;528
;ID|25015099;0;0;3;0;0;5;1;0;1;1;0;2;0;0;0;0;0;0;1;0;22;0;0;0;0;0;1;0;0;0;0;0;0;0;0;0;1;2;0;0;0;0;0;1;0;0;0;0;0;3;0;1;0;1;0;0;0;0;14;2;0;0;0;0;1;0;8;0;0;0;1;0;0;0;0;3;1;1;0;1;0;0;0;0;2;3;2;0;0;0;1;0;0;0;2;0;0;0;1;0;0;1;1;0;1;0;0;1;0;0;1;3;1;3;4;3;0;0;0;1;0;0;1;1;0;0;1;0;4;0;3;1;0;0;4;0;3;0;4;1;2;3;1;0;1;1;2;1;0;0;1;2;2;4;0;0;2;4;1;3;0;0;1;5;1;5;5;2;2;3;2;3;2;2;2;3;5;2;0;2;2;2;2;0;0;0;3;1;0;0;2;7;0;0;4;1;6;6;0;7;0;1;7;1;0;1;3;0;3;0;2;0;5;0;3;2;2;0;0;9;20;17;2;4;5;4;1;17;0;5;4;3;4;0;6;13;12;0;1;8;0;0;0;44;14;7;22;54;6;8;15;228;17;7;9;16;8;3;17;32;12;9;6;17;1;14;0;12;22;0;194;6;0;17;0;7;5;28;13;11;29;14;2;6;24;24;109;69;8;0;0;60;17;41;12;76;49;282;1294;129;151;51;153;66
;ID|25015101;1;2;0;0;0;0;0;0;2;0;0;0;0;0;0;0;0;0;0;0;2;0;1;2;1;0;1;0;0;0;0;2;0;0;1;0;1;0;1;0;2;0;0;0;0;0;0;0;0;8;0;1;0;1;11;0;0;2;0;0;0;0;2;1;0;0;1;3;1;2;0;1;0;2;0;0;1;0;0;1;0;1;0;0;1;1;0;0;0;0;0;0;2;0;0;1;1;2;0;0;2;1;1;1;0;1;0;1;2;2;2;2;1;4;3;0;2;0;0;1;4;2;0;0;1;5;0;0;1;2;2;0;1;5;0;0;0;0;4;2;2;3;2;1;2;1;0;1;2;2;3;2;0;5;1;5;3;11;11;9;2;0;4;3;3;1;2;0;3;4;1;1;0;26;3;1;3;0;14;0;5;2;1;3;6;0;1;6;4;5;2;3;1;0;9;3;0;3;1;2;5;0;3;3;0;11;3;13;7;4;0;3;2;8;2;11;2;0;2;8;3;5;2;6;7;7;4;2;19;1;3;4;2;1;11;49;4;2;12;20;4;3;0;6;14;25;28;10;5;5;35;1;6;2;13;19;12;4;19;16;17;7;12;15;5;18;6;1;28;6;8;25;3;17;7;18;47;22;32;31;139;22;7;154;38;40;19;33;74;17;119;37;50;47;22;61;84;69;198;39;193;136;150;859
;ID|25015105;2;0;0;0;11;0;0;1;1;0;6;0;1;0;0;0;1;0;0;0;0;2;14;0;0;0;0;0;0;2;0;0;0;0;2;1;0;0;0;37;0;0;0;11;0;0;0;0;0;0;5;0;0;0;0;1;1;2;0;14;2;0;2;0;0;0;0;0;2;0;0;4;0;0;1;0;3;2;5;3;1;2;1;0;1;0;1;0;0;1;0;3;3;5;0;0;5;4;1;3;0;3;0;5;2;4;0;3;4;0;3;1;1;0;0;1;4;0;0;1;0;5;2;2;7;3;5;0;7;1;0;2;0;0;0;0;8;3;2;1;0;0;1;1;4;5;1;1;0;4;1;2;3;8;2;2;1;2;1;1;4;0;10;3;5;3;4;2;5;3;2;0;2;6;0;20;3;5;4;3;0;0;29;1;1;0;6;5;4;11;22;7;43;0;2;9;19;3;1;3;3;32;2;4;44;1;3;7;0;3;23;134;64;14;4;5;26;8;0;9;2;16;0;16;20;9;2;3;50;4;3;3;11;0;101;10;44;3;1;19;0;2;0;7;28;8;11;8;10;55;7;0;130;45;16;64;373;11;10;18;32;54;19;67;3;12;0;917;1;2;1;9;0;17;1;35;23;17;32;80;51;15;0;55;42;38;40;538;31;0;156;49;46;216;248;124;57;473;122;453;76;685;363;705
;ID|25015107;0;0;1;0;0;1;1;0;0;0;0;0;1;0;0;1;1;0;0;2;0;0;0;0;1;0;1;0;0;3;0;0;0;1;1;5;2;0;0;0;1;0;1;0;1;2;2;2;1;2;0;0;0;1;0;13;3;0;8;4;3;0;0;0;2;0;2;0;1;0;0;2;0;1;0;1;1;4;1;2;0;0;3;3;6;2;1;22;0;0;1;0;0;1;3;0;1;0;0;0;1;3;1;0;2;0;1;2;0;0;2;4;2;1;0;0;0;1;0;3;1;0;0;5;0;1;1;0;0;0;1;0;6;3;1;2;12;5;3;5;1;7;0;0;0;3;0;2;14;0;1;3;0;8;0;5;6;3;1;1;6;0;0;7;6;4;2;3;6;4;3;4;4;0;16;2;2;3;4;2;2;19;1;2;0;1;5;12;0;0;3;6;0;11;0;2;5;10;19;1;5;1;8;4;3;1;9;6;13;0;13;5;3;0;15;14;4;0;0;25;14;3;0;2;12;8;3;7;0;11;14;1;6;0;37;16;15;1;2;14;0;14;0;14;25;23;29;23;4;34;17;10;9;11;80;27;15;16;34;27;40;18;28;34;3;22;0;7;38;103;11;27;0;24;2;53;56;29;13;119;43;33;0;22;54;57;30;42;54;0;0;67;92;69;169;101;158;103;29;95;400;214;431;1975
;ID|25015108;0;0;1;0;0;0;0;0;0;0;0;0;2;0;1;0;0;0;0;0;0;0;0;0;0;0;3;0;0;0;2;0;0;0;1;3;0;1;0;0;1;0;1;2;0;1;1;0;1;1;1;2;0;1;0;10;3;0;3;0;1;2;0;0;0;0;0;0;2;0;0;1;1;0;0;2;1;4;0;1;0;2;1;6;1;0;3;19;1;1;2;0;0;0;1;0;1;0;1;0;3;3;3;1;0;0;0;1;0;2;4;5;0;2;1;1;0;2;0;2;1;1;1;2;0;1;2;0;1;0;2;2;4;0;0;0;1;6;2;3;1;4;0;0;0;2;1;4;13;0;9;2;0;8;0;5;3;7;3;1;10;0;1;4;5;3;2;4;6;4;3;0;11;0;13;2;2;0;6;5;3;23;0;0;0;1;4;4;0;0;3;2;1;4;1;1;6;38;19;5;7;1;4;3;6;2;4;17;16;0;9;1;1;0;15;21;2;0;0;29;9;1;4;7;20;11;0;16;0;15;14;4;3;0;20;10;14;2;0;17;0;24;0;17;28;30;29;18;10;26;28;16;5;5;87;19;19;16;33;25;33;11;22;34;4;26;0;5;35;9;13;35;0;23;2;28;49;34;21;138;50;36;2;28;65;78;39;41;49;0;0;74;67;83;147;104;154;129;42;102;402;201;437;1957
;ID|25015129;0;0;0;0;0;0;1;2;0;2;3;2;0;0;0;1;0;2;2;3;0;0;0;1;0;0;2;1;0;0;0;0;0;1;0;0;1;0;1;0;1;0;0;0;1;0;1;0;0;0;0;0;0;0;2;1;2;0;0;0;1;0;0;0;0;1;0;0;0;0;0;2;1;0;0;0;1;1;0;2;0;2;2;1;3;1;1;9;0;1;2;0;0;3;1;0;1;0;2;5;2;1;1;3;1;0;1;0;0;3;0;2;3;0;1;0;0;0;0;1;1;2;0;2;0;3;2;0;0;1;4;3;2;0;1;0;0;9;1;1;4;3;0;1;1;1;0;4;1;0;5;2;0;0;0;3;2;1;8;3;3;0;0;5;3;3;3;6;3;0;2;1;1;3;3;2;3;0;2;5;6;9;0;1;0;0;1;5;0;0;4;2;0;6;0;5;5;3;7;6;5;1;10;5;5;3;23;5;6;0;1;10;0;0;10;14;7;0;0;4;14;6;2;4;17;3;6;3;0;11;9;22;6;0;6;1;11;0;206;3;0;2;0;18;19;20;14;10;8;10;10;3;8;8;16;29;23;149;45;17;32;36;30;26;1;18;0;3;24;9;170;15;0;33;1;53;44;47;24;17;21;39;0;32;53;34;117;53;57;0;0;57;85;60;53;145;305;117;408;86;152;192;253;114
;ID|25015130;2;0;0;0;0;0;1;0;0;3;0;0;1;0;1;1;4;1;0;0;1;0;0;0;1;0;1;0;0;1;1;0;2;2;0;1;1;1;0;0;1;1;0;0;0;0;0;0;1;1;0;0;0;1;1;2;0;0;0;0;1;0;0;1;0;0;0;1;0;0;1;0;0;0;0;1;4;1;1;2;0;4;1;3;0;2;1;6;0;0;1;0;0;1;2;0;1;0;0;0;0;3;3;3;2;0;2;5;0;2;1;3;2;1;1;0;0;0;0;0;1;0;0;3;0;1;2;0;0;2;1;6;1;2;0;0;1;10;2;0;2;1;1;1;0;5;1;5;1;0;5;4;0;1;0;8;7;1;4;5;7;0;1;12;1;1;2;6;6;4;2;3;1;0;4;5;2;1;0;3;2;12;9;2;1;0;1;6;0;0;3;9;1;2;3;3;9;3;1;2;5;0;23;2;3;9;18;4;6;0;7;14;0;0;5;15;8;0;0;9;9;5;3;6;17;10;14;2;0;10;10;16;6;0;3;1;18;4;213;11;0;8;0;15;33;8;20;8;14;10;12;4;3;7;12;27;23;9;34;14;28;28;39;28;1;29;0;2;26;14;187;24;0;27;3;41;41;49;28;26;16;43;0;20;41;42;109;66;61;0;0;57;72;62;51;166;326;103;406;69;179;237;311;101
;ID|25015134;0;0;0;1;0;0;1;1;0;2;1;2;0;0;0;0;0;3;0;1;0;0;0;0;0;0;0;0;0;1;0;5;0;1;0;0;1;0;3;0;2;1;2;0;0;0;0;0;1;0;0;0;0;4;0;0;0;0;0;0;1;0;0;2;0;4;0;0;2;0;0;1;0;1;0;1;0;0;2;3;1;0;2;2;0;1;0;0;3;0;2;0;0;1;0;0;1;0;1;1;2;0;3;2;2;0;0;4;0;1;1;1;4;0;4;0;0;1;0;2;2;3;0;0;0;1;0;0;0;1;8;8;2;1;1;1;0;0;2;6;4;0;2;0;0;2;15;4;2;0;3;4;0;0;0;0;2;2;1;6;4;0;0;1;3;5;2;13;1;1;4;5;13;0;3;3;2;0;3;7;8;0;4;2;0;0;6;1;0;0;4;8;0;2;0;3;4;4;0;9;6;0;5;1;0;0;4;4;11;0;2;3;1;0;7;19;5;0;1;4;8;8;1;8;16;9;1;23;0;23;17;10;7;0;18;9;16;3;1;15;0;6;1;16;19;11;14;37;5;18;9;5;7;9;24;21;12;6;23;27;35;51;17;24;11;55;0;5;24;14;5;12;0;17;0;57;38;28;40;31;34;21;2;27;40;72;166;42;10;0;0;95;58;77;29;118;176;90;50;208;223;146;363;1247
;ID|25015140;1;0;0;2;0;1;1;3;0;1;0;1;0;0;2;2;0;1;1;1;1;0;4;1;0;0;2;1;0;2;0;1;1;4;0;10;2;0;0;0;1;2;0;0;2;1;0;0;0;1;0;6;0;1;0;1;2;0;1;2;4;1;0;0;3;1;0;0;0;0;0;2;1;0;0;0;3;2;2;2;1;0;0;3;0;2;1;0;1;2;1;0;0;3;1;1;2;0;1;1;0;2;2;0;0;0;0;1;0;2;1;6;1;4;3;2;0;0;1;2;7;3;1;3;0;2;0;0;3;1;2;1;7;2;0;0;2;3;8;1;1;4;2;1;3;3;3;1;3;0;2;6;0;0;0;4;2;3;10;7;4;0;0;2;8;4;4;3;6;7;7;7;1;7;36;2;4;3;5;0;8;7;2;3;5;0;2;3;5;0;4;7;0;0;5;1;9;7;13;9;13;2;7;3;4;23;8;38;7;3;8;5;2;0;2;11;13;2;0;8;4;1;0;8;18;11;54;7;0;15;10;22;9;3;18;25;7;9;0;20;9;4;0;3;20;31;23;34;6;24;26;0;10;10;20;31;20;17;29;23;26;19;26;27;2;22;0;3;57;3;7;94;3;17;43;33;57;34;41;30;54;23;29;42;65;57;26;36;127;26;0;79;69;76;28;106;76;90;18;76;498;397;258;583
;ID|25015150;1;0;0;1;0;0;1;1;1;1;0;1;1;1;1;1;1;2;0;1;0;0;0;2;1;0;0;0;0;0;1;1;0;1;0;0;2;0;1;0;1;0;2;1;1;0;2;0;1;0;0;1;0;3;0;0;3;0;0;0;4;0;0;1;0;0;1;0;1;0;0;0;0;1;0;1;2;1;1;1;2;0;2;1;1;1;0;1;2;0;1;0;0;1;3;0;1;0;1;1;1;3;1;2;3;0;1;2;0;0;1;1;3;1;2;3;0;1;0;4;3;0;1;0;0;0;0;0;0;0;3;2;1;2;0;1;0;3;1;5;5;0;1;0;1;3;14;5;2;0;6;7;0;2;0;6;3;1;0;11;3;0;0;3;3;6;3;17;4;2;20;3;5;0;4;4;5;2;0;2;7;1;2;1;0;0;3;1;0;0;2;5;0;4;3;0;9;5;3;11;11;3;3;4;0;1;7;1;8;0;3;1;0;0;14;4;9;0;2;9;3;2;3;14;15;11;2;20;0;34;24;4;7;0;17;15;14;1;1;16;0;2;1;13;24;16;8;49;6;27;10;4;10;8;18;30;16;5;31;31;24;32;31;35;13;48;0;1;26;48;20;11;0;23;1;67;41;40;51;28;41;21;0;25;41;46;165;46;16;1;0;92;65;70;26;94;196;83;68;212;217;143;335;1272
;ID|25015259;0;0;16;0;0;0;0;4;0;0;0;1;0;0;0;0;0;0;1;0;0;0;0;0;1;23;0;0;0;0;0;0;0;0;0;0;0;0;2;0;0;1;0;1;0;1;0;4;1;0;0;0;0;0;0;1;3;0;0;0;0;0;0;0;0;0;0;0;0;0;0;1;1;0;0;0;0;2;0;1;1;4;2;1;1;1;1;2;2;2;0;0;0;2;0;0;2;0;0;3;0;1;0;2;4;0;0;1;0;0;5;3;0;1;2;2;0;0;3;1;2;2;1;1;0;2;0;9;1;1;0;1;3;9;0;0;3;1;3;5;1;4;3;0;1;0;3;4;1;0;2;2;1;1;0;1;3;0;0;3;4;18;0;10;1;5;3;0;2;2;0;4;2;1;2;0;3;3;2;6;1;1;6;8;6;1;2;3;0;0;2;8;2;4;1;0;7;0;18;3;1;0;41;4;1;0;6;0;9;1;13;1;1;0;4;4;3;0;0;6;7;4;127;4;7;7;49;6;0;41;9;11;21;6;8;14;11;40;0;9;46;7;0;18;14;4;8;28;35;15;16;1;3;2;21;22;13;26;18;12;7;13;16;11;6;14;53;2;14;2;15;10;97;8;52;19;26;11;29;47;11;26;192;33;23;45;40;58;47;69;0;49;46;41;16;60;39;95;43;144;76;82;206;264
;ID|25015272;1;0;0;0;0;0;5;2;0;0;0;2;1;0;0;0;0;1;2;2;0;0;0;0;0;0;1;0;0;5;2;0;1;1;0;0;1;0;1;0;0;2;1;1;1;0;0;0;2;2;0;0;0;1;2;0;4;0;2;0;2;2;0;2;0;9;3;0;1;0;1;3;5;1;0;2;1;1;0;2;1;1;7;0;2;6;4;1;3;2;0;0;0;1;2;0;3;0;1;1;6;0;1;2;1;0;1;2;0;1;1;0;2;2;5;3;0;1;3;3;21;14;0;1;0;5;1;0;0;1;2;4;0;0;0;1;1;0;4;2;7;5;0;1;0;5;10;15;0;0;9;6;0;1;0;6;6;6;9;0;15;1;0;7;11;8;4;4;4;10;23;3;3;1;7;11;4;5;7;2;19;5;2;1;2;154;12;12;0;0;11;18;2;0;24;3;5;16;5;3;16;1;1;40;1;43;9;12;6;4;9;7;8;0;11;3;6;0;5;15;9;30;1;6;19;19;4;15;0;23;16;10;8;1;9;30;22;1;4;50;1;5;0;49;30;49;54;31;18;15;24;125;13;14;22;47;20;20;47;33;52;54;15;37;400;161;1;16;118;5;16;21;4;30;11;39;54;49;70;144;110;118;15;50;201;81;79;169;31;31;0;150;73;85;29;275;107;299;29;144;951;324;378;7247
;ID|25016706;0;0;0;0;0;0;0;0;0;2;0;1;0;0;0;1;0;0;1;0;1;1;0;0;0;0;0;7;0;0;0;0;2;0;0;0;0;0;1;0;0;0;0;0;1;0;0;1;1;0;0;0;0;1;3;0;0;3;1;0;1;1;3;0;1;0;1;2;1;3;0;2;0;0;0;9;1;2;0;1;0;1;2;1;1;1;0;0;0;1;1;0;4;4;3;0;0;4;0;1;0;1;1;0;2;0;1;2;4;0;1;1;2;1;2;2;7;1;1;0;0;0;0;1;2;0;3;0;1;4;0;4;3;1;1;0;1;0;2;3;0;0;1;0;5;2;2;5;4;13;2;7;0;2;0;2;2;9;5;3;1;0;0;5;0;5;4;4;1;7;1;3;1;8;3;1;4;3;3;4;3;5;0;9;4;12;3;10;6;3;3;1;0;0;0;1;8;4;4;5;8;4;3;3;5;0;1;9;8;24;7;2;1;31;11;12;9;10;0;4;3;12;2;4;5;42;1;12;18;17;7;7;12;13;11;47;10;7;2;11;9;1;0;47;12;17;14;41;21;5;14;2;2;5;33;14;11;11;21;13;10;33;48;12;1;24;10;1;12;2;13;9;36;183;13;22;37;29;27;13;36;26;18;49;32;44;31;121;20;61;137;75;37;29;31;76;82;56;8;51;104;268;191;325
;ID|25016726;0;0;0;0;0;0;1;1;1;1;0;1;0;0;1;1;4;1;0;1;0;0;1;0;3;0;1;0;0;2;0;4;0;3;1;2;0;7;3;0;0;2;0;0;0;3;0;0;0;0;1;1;0;4;0;1;1;0;4;0;0;0;0;0;1;0;1;0;1;0;3;2;0;3;0;1;1;2;3;2;0;1;0;3;3;1;1;1;0;2;4;0;0;2;1;53;2;0;1;2;1;1;0;1;1;0;2;1;0;1;1;4;2;2;1;0;0;0;1;1;2;1;26;3;0;3;3;0;0;4;5;2;3;1;1;19;1;0;2;5;6;2;5;2;3;2;4;0;0;0;0;3;0;10;0;7;5;0;0;7;3;3;100;10;10;10;4;4;6;0;10;1;12;14;6;2;3;7;5;1;11;1;1;4;9;0;8;6;0;0;6;4;0;75;8;4;7;3;1;7;7;3;7;7;14;0;7;0;12;0;17;5;20;0;7;16;3;0;209;31;4;6;3;57;17;6;0;24;0;7;32;9;545;4;16;3;30;19;11;5;17;199;1;11;42;18;17;15;23;53;14;8;9;19;16;21;7;13;40;43;34;71;26;32;36;52;20;22;28;37;913;13;37;45;12;53;76;38;164;45;10;71;46;23;79;65;64;106;30;49;0;122;107;77;42;106;284;150;1062;800;241;211;854;492
;ID|25016761;0;0;1;0;0;0;0;1;0;0;2;0;0;0;1;1;0;1;0;0;0;0;0;0;0;0;1;1;0;0;0;0;0;1;0;0;2;0;2;0;1;3;1;0;1;1;0;1;1;0;3;0;2;3;0;2;0;0;1;1;0;2;0;1;0;10;0;1;0;0;1;1;6;1;0;2;2;3;0;3;2;7;4;0;2;0;1;0;14;1;1;0;0;2;2;0;2;0;1;4;1;0;1;2;1;0;0;1;0;2;0;1;2;1;0;2;0;0;0;3;2;1;0;2;0;4;0;0;3;3;0;1;1;30;0;0;2;0;0;0;4;3;0;6;0;5;1;2;3;0;3;0;1;6;0;4;2;1;3;0;4;0;1;0;3;4;4;6;5;8;2;4;1;0;2;5;4;7;14;4;8;3;1;5;0;1;2;7;0;0;8;10;2;0;18;4;7;6;10;0;12;0;3;50;3;13;7;4;2;0;23;8;0;0;2;2;6;0;1;15;8;9;1;3;6;11;1;16;0;7;9;5;12;0;4;13;14;5;0;24;7;1;1;8;22;19;36;10;13;5;20;1;18;5;26;23;13;9;21;31;26;22;18;49;237;35;13;18;59;4;4;12;0;11;5;13;27;70;9;96;39;36;6;3;89;51;31;63;16;15;0;140;70;37;17;105;97;122;11;114;480;230;246;1472
;ID|25016892;0;0;0;1;0;0;0;2;0;0;1;0;1;0;1;0;1;0;1;0;0;1;0;0;4;0;1;7;0;1;0;2;0;0;0;0;1;0;1;0;0;0;0;0;1;4;0;2;0;0;1;1;2;0;0;0;0;3;1;0;2;0;0;0;2;0;9;2;1;0;0;0;2;0;0;2;1;0;1;0;0;3;0;0;3;0;0;0;0;0;3;0;3;0;5;2;0;4;0;1;2;1;4;0;2;2;1;0;2;1;2;4;0;4;39;1;3;1;2;1;1;1;0;2;1;0;23;10;2;12;2;0;0;0;0;0;3;2;0;1;0;1;1;0;15;1;5;3;4;6;1;1;12;19;0;6;1;3;3;2;5;11;1;5;4;2;4;1;0;2;2;5;5;7;6;2;4;3;8;1;8;2;0;12;14;0;30;5;6;23;4;5;0;0;1;3;4;6;6;7;3;1;3;5;3;1;2;0;5;7;7;5;4;29;4;6;5;40;0;17;1;8;55;5;8;11;2;27;30;5;8;2;5;24;6;9;10;80;1;8;63;0;0;42;15;17;8;54;8;9;10;0;5;9;15;9;11;9;25;12;32;21;17;22;2;18;129;26;22;0;7;11;135;9;392;19;29;30;26;8;20;18;398;18;46;48;124;57;20;224;857;51;37;92;22;45;77;95;21;169;202;98;244;879
;ID|25016898;0;4;0;1;0;0;0;0;0;0;0;0;0;0;0;0;0;0;0;0;0;0;0;0;0;0;0;0;0;0;1;0;0;0;1;1;2;2;1;0;0;0;0;0;1;1;1;0;0;0;3;0;0;0;1;0;1;0;0;1;1;0;0;0;0;1;0;3;2;3;11;0;1;0;0;1;0;1;1;0;1;0;0;2;0;1;3;0;0;0;2;0;2;0;1;0;0;2;2;4;3;0;1;2;1;1;0;0;2;0;0;1;0;2;0;0;2;0;1;0;4;2;2;3;1;1;1;1;2;2;2;1;1;0;0;0;4;4;3;1;1;2;3;24;3;2;1;8;0;11;5;0;0;1;0;10;2;2;1;4;1;23;0;4;4;5;4;0;7;0;27;4;2;3;6;3;4;2;1;1;6;2;4;2;3;0;8;3;2;11;4;5;0;1;5;2;4;1;1;2;5;16;5;2;6;1;0;3;0;14;3;7;2;21;12;11;10;42;1;19;3;7;2;2;9;2;2;8;50;6;13;30;14;15;2;14;7;37;0;13;28;3;0;15;14;14;5;6;19;25;25;0;10;4;18;29;13;8;14;18;19;19;16;16;7;46;157;2;39;4;8;6;25;32;17;25;21;41;51;14;31;35;125;56;30;45;75;28;20;81;96;97;65;66;12;94;146;79;381;309;127;122;233;1091
;ID|25017253;1;0;0;0;0;0;0;0;0;0;1;0;1;0;4;0;2;0;2;0;0;0;0;2;0;0;0;1;0;1;1;0;1;2;0;0;1;0;0;0;0;0;0;0;0;0;0;0;1;0;0;0;1;0;0;1;1;0;0;0;1;3;0;2;3;1;1;0;1;1;1;0;2;1;0;2;0;0;0;1;0;0;0;0;0;0;2;0;1;5;3;0;0;2;1;0;2;0;2;0;2;2;0;1;1;0;0;0;0;2;1;1;1;1;1;0;0;0;0;8;2;2;3;6;0;5;0;0;1;0;0;0;1;0;0;0;3;0;1;0;1;0;0;0;0;0;0;1;0;0;2;3;1;1;0;1;1;1;12;0;0;0;1;1;5;4;4;1;1;10;1;6;2;0;2;0;5;3;8;4;3;8;0;0;0;0;5;6;0;0;9;2;1;1;10;1;1;18;3;1;6;1;1;10;0;15;5;3;2;0;8;3;0;0;19;2;3;0;0;7;2;21;0;2;3;23;1;10;0;18;7;1;21;0;7;22;9;1;27;67;2;6;1;37;28;57;37;23;14;14;22;1;57;25;27;30;13;10;28;20;39;38;18;12;25;32;1;12;95;2;22;6;3;13;2;15;19;44;33;69;223;59;6;46;110;62;37;49;10;3;0;110;26;37;24;107;79;221;52;188;606;173;250;2154
;ID|25017271;0;0;0;1;0;0;1;0;0;0;0;0;0;0;0;0;1;0;0;0;0;1;0;0;0;0;0;0;0;1;1;0;0;0;0;1;1;0;1;0;0;1;1;0;0;0;0;0;0;0;0;0;1;0;4;0;0;2;0;0;0;1;2;0;0;1;2;2;0;10;3;1;1;1;0;1;2;0;1;0;0;0;2;0;0;1;2;1;1;0;0;0;2;1;0;0;0;2;0;3;1;0;1;1;0;4;0;0;4;16;1;0;0;0;0;0;4;0;0;0;2;1;0;1;9;1;2;1;0;0;1;0;3;2;6;0;5;1;0;1;1;1;0;1;0;0;1;0;1;2;3;0;13;3;0;2;3;1;5;0;1;0;0;0;0;4;4;1;1;1;1;2;0;2;5;1;4;1;15;0;0;2;0;3;1;0;1;2;2;10;1;3;0;0;0;2;5;1;1;1;2;1;0;5;1;1;0;0;0;0;3;2;1;12;3;1;3;0;0;1;4;1;6;2;3;7;1;6;28;14;4;10;1;2;12;9;8;5;0;23;20;0;0;8;8;8;10;5;2;8;7;1;2;5;4;18;11;12;10;3;4;9;8;16;4;6;1;3;9;0;3;28;7;5;82;52;18;6;99;13;36;5;12;92;32;23;13;13;4;122;214;19;25;19;13;46;31;39;4;18;145;105;85;855
;ID|25017302;1;0;0;2;0;1;0;3;0;0;1;2;0;0;0;1;1;0;1;1;0;5;3;1;0;0;2;2;1;1;3;0;0;2;0;0;0;1;0;3;0;0;4;1;0;1;0;2;2;2;4;3;0;0;1;1;2;4;1;0;1;1;4;3;1;1;0;1;0;1;0;0;0;3;0;1;1;2;4;1;0;0;4;4;0;2;2;2;0;0;6;4;3;4;4;5;0;4;0;1;3;4;2;3;0;6;0;0;7;0;4;3;0;0;2;5;4;18;1;2;1;2;1;1;8;2;3;8;0;29;2;1;4;1;0;0;0;2;0;0;1;1;2;0;1;1;2;3;3;13;5;5;1;1;7;2;2;0;5;6;0;4;1;9;3;6;7;7;2;5;3;1;0;6;9;4;10;0;2;1;5;1;1;4;18;0;2;4;8;7;3;4;1;0;1;6;7;6;3;5;3;57;8;2;30;2;6;0;7;23;2;1;7;26;6;14;20;28;1;1;5;3;14;1;7;3;1;6;43;3;9;20;8;21;3;0;14;37;1;18;65;0;0;27;16;13;24;17;16;27;16;13;30;17;13;14;348;11;29;2;19;21;11;30;4;18;153;6;29;3;3;10;55;21;59;15;27;23;37;60;67;40;248;53;18;39;45;50;23;139;225;142;54;83;83;63;178;125;477;312;124;102;379;1402
;ID|25017506;2;0;0;0;0;0;2;0;0;0;1;0;1;0;1;0;0;2;0;4;2;1;0;1;0;0;0;0;0;1;1;1;0;0;0;0;1;0;1;0;0;0;2;0;0;0;0;0;0;3;0;0;0;0;2;2;1;0;0;0;1;2;0;1;8;1;2;1;0;0;0;1;0;0;0;1;1;2;0;3;0;0;0;2;2;2;0;0;3;0;0;2;0;1;1;1;3;0;0;1;3;1;3;1;2;0;0;1;0;0;2;2;1;2;0;2;0;6;0;3;3;2;0;4;0;2;0;0;0;1;0;1;1;0;0;0;4;0;1;0;0;2;0;8;3;3;0;1;0;0;3;1;42;1;0;5;5;3;7;0;0;0;0;3;8;2;4;0;4;1;1;2;1;3;1;2;4;0;5;3;3;36;0;3;0;0;6;6;0;0;15;7;0;1;13;1;16;9;1;5;5;0;3;9;4;21;5;2;2;0;10;8;2;0;5;0;6;0;1;13;23;21;0;3;10;14;1;11;0;11;7;6;8;1;5;16;12;3;0;26;1;16;0;5;18;35;39;12;5;24;17;261;24;8;25;26;15;12;44;19;34;34;16;40;42;40;2;5;81;1;42;148;1;13;0;36;46;31;82;42;102;44;5;51;102;67;29;39;151;1;0;119;62;42;25;85;113;141;444;69;455;188;243;1285
;ID|25017519;0;0;0;0;2;0;0;0;0;3;0;1;0;24;2;0;0;2;1;0;0;0;8;0;0;0;0;6;0;0;1;2;0;0;0;1;0;0;0;0;0;0;2;9;0;0;31;0;1;0;4;1;1;0;0;2;0;0;1;10;0;11;0;2;0;4;0;0;0;0;13;2;0;2;0;0;1;2;9;0;27;2;0;3;1;0;0;0;0;0;2;4;0;1;1;0;1;0;0;0;3;0;1;6;1;0;5;1;0;1;0;0;1;1;4;0;0;0;1;1;0;0;1;0;0;0;1;3;15;1;2;0;3;0;0;0;3;0;7;0;8;0;0;47;0;3;0;0;1;0;5;2;0;10;0;0;8;1;1;0;2;4;6;1;7;0;5;0;20;0;2;1;7;0;3;17;4;7;1;3;1;0;7;1;5;0;4;0;0;0;3;8;195;0;0;63;9;3;3;10;5;0;4;4;4;1;2;1;1;5;2;5;19;0;3;9;25;0;0;5;1;1;13;290;14;7;18;6;0;12;17;1;26;16;89;9;23;27;1;5;26;3;0;10;27;3;2;14;21;49;7;0;151;166;6;10;36;10;21;61;45;93;90;61;0;11;76;24;7;0;4;10;50;18;80;29;20;48;5;53;16;12;163;3;7;46;46;146;11;95;0;45;101;545;931;283;28;709;3;2005;54;549;115;937
;ID|25017957;0;0;0;0;0;0;0;0;1;1;0;0;0;0;3;0;0;0;0;0;0;1;0;0;0;0;1;0;0;1;0;0;0;2;0;0;0;1;0;0;0;0;0;1;0;0;1;0;0;3;1;0;0;0;0;1;1;0;3;2;0;0;0;1;0;0;1;0;0;0;1;0;0;0;0;0;1;1;0;1;0;0;1;0;0;1;0;0;0;0;0;0;0;1;0;0;1;0;1;6;0;0;0;3;2;0;0;0;0;0;0;0;3;2;0;0;0;0;0;3;0;1;0;0;0;0;0;0;0;0;0;0;0;0;0;0;3;0;0;0;0;0;3;0;3;4;1;1;0;0;0;2;0;0;0;1;3;2;1;0;1;0;0;3;3;4;4;0;0;3;1;1;2;1;0;0;5;1;3;1;0;22;1;0;0;0;4;1;0;0;4;0;2;0;4;2;3;1;0;2;4;4;8;5;0;21;3;3;10;0;4;5;2;0;23;2;2;0;0;4;1;8;0;1;5;2;0;4;0;5;3;2;1;0;5;8;2;1;0;36;5;1;0;20;9;19;28;8;7;9;5;3;12;1;10;8;7;5;13;10;13;38;8;4;8;7;0;3;18;1;3;3;0;4;0;9;20;8;9;41;69;19;2;15;39;20;21;20;7;2;0;39;15;15;11;37;25;66;66;35;211;51;95;977
;ID|25017982;0;0;0;0;2;3;3;4;4;0;0;0;0;0;0;0;1;0;0;0;1;2;0;0;1;0;0;0;0;1;0;0;0;0;1;0;0;0;0;0;0;1;0;4;0;0;0;1;1;0;0;1;0;0;1;0;0;1;0;0;0;0;1;0;0;2;0;0;0;1;1;0;0;3;100;0;0;0;5;0;3;0;0;3;1;0;0;0;0;0;1;3;2;1;0;3;0;3;0;1;0;0;3;0;1;0;0;0;3;0;3;0;0;0;0;5;3;0;1;1;2;0;0;2;0;3;5;6;23;0;1;3;1;1;0;0;0;1;2;6;0;0;1;0;17;2;3;0;2;9;2;1;41;1;0;0;1;10;3;6;3;2;6;2;7;1;3;0;1;0;2;0;1;3;1;6;4;0;2;3;1;0;19;1;21;1;3;2;0;6;6;3;4;0;0;8;0;3;4;5;2;2;2;2;0;0;4;2;2;0;2;3;14;21;3;1;0;0;38;6;0;6;140;9;5;8;18;4;7;6;8;23;5;7;29;12;88;25;1;21;12;6;0;19;47;13;6;5;15;6;7;0;34;96;26;19;15;9;9;18;13;31;53;33;2;10;28;6;18;1;10;53;69;13;35;9;15;48;40;37;10;77;192;35;20;212;25;110;69;160;53;54;90;195;503;115;64;421;50;522;100;592;124;1073
;ID|25017990;0;1;1;0;0;0;1;0;2;1;0;0;0;0;1;0;0;1;0;0;0;0;0;1;1;0;0;1;0;0;0;0;0;1;0;0;0;0;2;0;0;1;4;1;0;0;0;0;0;2;0;1;0;1;0;0;0;0;0;0;0;2;0;0;0;0;1;0;0;0;2;0;0;1;0;0;0;2;0;0;0;0;1;0;0;0;0;0;0;1;0;0;0;1;0;0;0;0;0;0;0;0;0;1;0;0;1;0;0;14;0;2;1;2;0;0;0;1;0;1;0;4;1;0;0;2;1;0;2;2;0;2;1;2;7;0;6;2;2;1;1;3;0;0;19;1;1;1;2;0;4;0;1;3;0;4;3;0;1;2;3;0;0;0;1;1;2;0;2;1;0;3;2;1;4;0;2;0;12;0;3;2;1;1;0;0;0;3;47;0;55;3;0;1;1;0;2;0;8;1;4;0;0;1;3;1;2;1;5;17;2;2;1;0;4;7;6;59;0;0;1;2;0;0;4;9;2;3;0;9;4;8;0;2;13;11;7;3;0;14;36;4;0;10;9;11;10;3;2;10;8;2;1;2;9;10;6;16;16;5;8;6;15;7;5;2;2;3;14;13;3;52;8;3;86;51;18;12;91;14;35;8;5;83;29;22;15;18;8;120;0;24;30;29;14;41;28;46;4;20;144;94;72;1126
;ID|25018090;1;0;0;0;0;0;1;3;0;0;0;0;0;0;0;0;0;2;0;1;0;3;0;1;0;0;0;2;0;0;0;2;0;1;0;0;2;0;0;0;0;0;2;0;0;0;0;0;0;0;0;0;0;0;0;0;1;3;0;0;1;0;3;0;1;0;1;0;0;4;0;0;1;1;0;0;1;1;0;0;0;1;2;1;0;1;1;0;0;0;0;3;4;0;2;0;1;4;0;3;0;1;1;1;4;0;2;2;4;0;1;2;0;0;1;0;4;0;1;0;0;0;0;0;0;1;0;5;0;2;3;0;0;1;0;0;2;0;1;0;0;1;0;0;5;3;0;1;7;6;0;0;2;0;5;0;0;2;6;8;4;14;0;6;0;1;3;1;1;0;2;1;1;7;0;11;4;0;1;6;2;0;0;1;3;0;2;4;9;5;1;5;0;0;0;1;1;2;11;2;4;0;1;2;2;4;2;0;3;5;5;3;1;11;5;4;0;7;0;7;6;3;11;2;2;13;12;22;16;16;9;10;2;12;5;14;9;29;2;4;52;0;0;43;10;13;6;52;21;5;15;1;27;6;18;7;5;4;16;3;13;6;17;19;1;3;61;5;41;1;2;5;134;6;146;28;26;10;15;7;10;18;225;15;25;34;18;12;7;87;60;64;50;47;9;30;58;40;67;59;120;37;239;1192
;ID|25018101;0;0;0;0;3;1;0;0;0;0;0;0;0;0;2;0;0;0;0;1;2;0;1;2;3;0;0;0;38;1;0;0;0;0;0;0;0;0;3;0;0;1;1;3;0;0;2;8;0;2;0;0;1;0;1;1;0;1;0;3;3;10;0;1;6;4;0;0;2;4;2;0;0;2;1;2;3;1;1;0;0;1;2;0;0;2;0;0;0;3;0;2;2;9;1;0;0;2;0;1;1;0;1;9;0;1;14;5;2;6;2;0;0;0;1;0;2;0;1;1;1;1;1;0;4;6;1;0;3;1;2;0;4;0;0;0;0;0;2;0;0;1;0;9;1;2;0;0;2;2;0;1;2;0;0;0;4;7;1;0;3;0;37;0;7;1;2;0;1;4;1;27;1;4;0;3;3;5;6;3;0;1;0;15;0;0;4;4;0;17;2;1;15;0;4;2;3;4;15;3;1;0;2;2;0;0;4;5;3;2;19;1;9;11;10;0;10;2;0;3;0;0;0;0;4;10;0;4;14;8;4;0;3;0;22;5;21;2;0;15;1;2;0;13;16;22;22;23;0;11;8;1;24;10;7;11;40;22;59;40;13;33;12;8;0;12;1;6;14;0;5;60;1;12;1;19;10;170;11;24;18;9;3;38;20;12;15;48;25;2;94;36;171;29;38;88;17;261;11;64;76;154;60;1277
;ID|25018106;0;0;0;1;0;0;0;0;0;0;0;0;4;0;0;0;0;1;0;0;0;2;0;0;1;1;0;1;0;1;0;0;0;1;1;1;0;0;0;1;0;0;0;0;0;0;0;1;0;1;1;0;11;1;3;0;0;1;0;1;0;1;1;2;0;1;1;1;2;1;1;1;0;0;0;0;2;0;0;0;0;2;1;0;0;0;0;0;0;1;0;3;3;0;1;3;0;3;1;0;0;0;0;5;0;0;0;2;5;0;1;2;3;3;1;6;3;0;2;0;0;3;1;1;1;0;0;1;0;1;1;0;3;3;0;0;0;0;1;9;0;2;0;0;1;5;0;1;1;5;3;3;0;7;1;0;0;2;1;15;4;11;0;7;3;3;3;1;0;0;0;1;0;4;0;1;3;8;0;7;0;1;2;11;4;0;4;0;2;14;5;4;0;0;0;1;2;2;3;0;0;1;24;1;0;2;2;3;7;6;1;0;0;15;1;10;0;15;1;4;2;8;31;2;3;25;2;13;13;17;4;29;1;42;10;5;29;38;4;3;22;7;0;13;5;5;5;29;19;1;19;1;2;4;30;16;8;11;16;3;9;4;14;22;21;8;128;1;8;5;11;3;96;7;23;69;22;14;29;10;13;14;193;31;16;30;19;40;15;63;57;63;19;25;15;23;50;27;24;82;79;87;167;419
;ID|25018112;0;1;0;1;0;0;1;0;0;0;0;0;0;0;0;2;1;1;1;0;0;1;0;0;0;1;0;0;0;0;0;0;1;0;1;0;0;2;0;0;0;0;2;0;0;1;0;0;0;1;2;0;0;0;1;0;1;1;0;0;2;1;1;0;2;0;0;1;6;3;0;1;2;0;0;0;1;1;1;0;1;0;1;0;1;0;0;0;0;3;0;1;0;1;0;0;0;1;1;2;0;2;0;0;0;1;3;0;2;1;2;3;0;0;1;0;2;2;1;1;0;4;1;0;6;0;1;4;0;0;0;1;4;0;0;0;2;1;2;3;2;3;0;0;3;1;2;1;2;1;0;0;3;1;126;3;5;2;2;1;1;4;0;3;1;4;1;0;3;2;3;1;0;13;3;1;1;3;1;4;2;1;0;13;20;1;0;4;8;4;1;1;2;0;2;6;4;1;0;2;0;1;6;0;1;1;0;1;7;7;2;1;1;9;23;5;24;32;0;0;2;21;5;0;4;9;2;2;15;7;7;30;3;4;9;15;9;30;2;9;29;5;0;20;7;10;8;5;8;4;21;3;4;3;11;18;3;8;17;12;11;5;11;18;4;13;102;3;13;1;3;3;155;16;10;12;30;22;138;26;35;32;82;70;41;43;42;18;11;108;22;57;29;72;35;74;99;42;1045;35;122;181;118;259
;ID|25018118;0;3;0;0;0;0;1;0;0;0;0;0;1;0;0;2;0;0;0;2;0;0;0;0;11;1;0;0;0;1;1;1;0;1;0;0;1;1;1;0;1;0;2;0;1;0;0;0;0;1;3;0;0;2;1;1;1;2;0;0;2;0;1;0;0;0;0;0;1;0;0;0;1;0;0;3;0;0;0;0;1;1;0;0;0;0;0;0;0;2;1;4;2;1;1;7;1;3;2;2;0;3;7;0;2;1;1;1;6;0;0;0;5;0;0;0;3;1;0;2;1;1;0;0;1;0;1;0;2;0;0;4;1;0;0;0;0;13;3;7;2;0;3;0;0;2;1;3;0;9;1;1;3;3;0;3;2;0;1;1;3;2;1;2;2;3;4;0;1;0;0;1;7;3;4;3;4;4;1;1;5;0;4;1;1;0;2;2;4;4;0;1;0;0;3;36;2;1;0;0;3;1;3;1;0;0;2;0;10;21;1;0;1;18;12;16;4;23;0;5;3;7;0;5;4;1;0;8;18;5;19;2;2;4;8;0;6;2;0;13;2;20;1;15;9;26;6;12;11;24;33;3;10;10;9;12;5;12;28;15;6;56;14;19;2;151;3;2;21;21;2;8;3;13;4;30;28;27;14;7;32;47;1;45;27;39;22;29;12;10;54;70;32;90;24;58;182;59;42;110;129;138;150;582
;ID|25018124;0;0;0;0;0;1;0;0;0;7;0;2;0;0;0;0;1;0;0;1;0;3;0;0;0;0;0;0;0;0;0;0;0;1;0;0;0;1;0;0;0;1;0;0;0;0;0;1;1;1;0;0;0;0;3;0;1;1;0;1;0;0;3;0;0;0;0;3;0;1;0;1;0;1;0;0;0;0;0;2;0;0;0;0;1;1;2;1;0;3;0;3;3;0;1;0;7;3;0;0;0;0;0;0;1;1;0;1;3;0;0;0;3;1;3;2;5;0;17;1;1;1;0;1;0;0;0;2;0;1;0;0;1;0;0;0;5;2;0;3;0;2;0;0;1;3;0;10;0;4;0;3;8;1;2;1;1;2;6;4;4;3;0;0;2;2;5;0;2;1;0;0;0;2;0;2;5;1;2;0;4;2;2;8;1;1;3;4;14;15;4;2;0;0;0;2;2;4;0;4;1;4;3;4;0;21;0;17;3;9;3;7;0;14;7;34;9;8;0;0;0;4;2;0;7;15;1;1;19;12;5;3;1;6;20;16;8;34;0;12;17;0;0;9;10;13;14;11;4;3;9;0;6;2;33;19;15;11;20;4;5;7;28;6;0;7;80;3;8;0;0;6;98;17;91;16;32;13;13;8;20;16;84;127;27;14;22;20;72;83;97;61;22;47;20;65;404;55;3;44;44;169;120;230
;ID|25018130;1;1;0;0;0;0;1;1;0;0;0;0;0;0;0;0;0;0;2;0;0;0;0;0;0;0;0;1;0;1;0;0;0;0;0;7;0;1;1;0;0;0;0;0;1;0;0;0;0;1;0;0;0;0;0;0;0;2;0;1;0;0;3;1;0;1;0;0;0;0;0;0;0;2;0;1;0;0;0;0;0;0;0;1;1;0;2;0;0;1;5;4;3;1;1;0;1;3;0;0;0;2;1;0;1;5;0;2;3;0;0;0;3;1;4;0;3;0;0;2;1;2;0;0;3;0;1;3;0;0;1;0;2;1;0;1;0;4;0;3;0;2;0;0;2;0;1;1;3;2;0;0;1;3;0;0;3;0;3;2;1;2;0;0;1;3;4;0;2;0;1;2;2;2;0;1;4;1;3;5;1;1;2;4;1;0;0;0;8;9;2;0;0;0;0;0;1;4;1;2;1;0;2;4;3;2;1;2;8;3;4;2;1;7;1;11;7;14;0;0;1;4;3;1;9;8;2;0;20;8;5;2;5;17;4;0;8;20;0;9;16;0;0;32;4;11;8;9;45;1;8;6;13;5;5;20;9;26;7;5;11;7;14;10;0;7;56;4;3;1;1;41;27;4;193;9;26;16;13;10;13;11;42;15;16;48;12;14;6;97;55;36;30;80;62;51;85;49;0;18;42;149;62;240
;ID|25018136;0;3;0;1;0;0;0;0;1;0;1;0;0;0;0;1;0;0;1;0;0;3;0;1;2;0;0;0;0;0;0;0;4;0;0;1;1;2;1;0;0;1;1;0;0;1;0;0;0;0;1;1;0;0;1;0;0;0;5;0;1;0;0;1;1;0;0;1;7;0;0;0;2;0;0;0;2;0;0;1;0;0;0;1;0;0;1;0;0;2;2;2;3;0;0;9;1;3;0;2;0;6;1;0;2;1;20;0;3;0;1;0;0;0;0;1;3;1;2;1;2;5;0;1;4;2;0;6;0;5;0;3;1;0;0;3;1;0;4;1;0;2;0;0;6;0;0;6;4;7;0;2;3;3;1;1;3;4;1;2;2;36;0;1;6;9;4;1;0;1;2;6;5;6;3;1;5;3;2;4;0;0;2;9;13;0;2;1;10;11;0;3;0;1;1;1;3;1;4;4;9;1;12;3;2;0;0;1;1;20;5;2;1;17;5;3;2;25;0;2;1;2;14;7;7;1;2;10;22;8;5;5;4;22;9;19;6;42;2;8;40;0;0;20;13;6;10;38;25;13;49;16;9;4;34;15;3;2;16;6;14;7;18;19;69;27;115;4;19;5;2;14;170;13;88;45;25;12;10;11;21;26;231;33;20;42;38;36;18;113;73;27;30;48;12;61;110;70;82;105;91;92;104;289
;ID|25018142;0;0;0;0;0;0;0;0;0;0;1;0;0;0;0;2;1;0;0;1;0;1;0;0;0;0;0;0;0;0;1;0;1;0;0;0;0;0;0;0;0;0;2;1;0;0;0;0;0;1;0;0;0;0;0;0;3;2;0;0;0;0;1;0;0;1;3;0;2;1;0;1;0;0;0;1;0;2;0;0;0;1;1;0;1;0;0;0;0;0;2;1;4;1;0;3;0;3;0;2;5;1;1;0;0;2;0;0;3;0;1;0;1;0;0;0;3;0;1;0;1;0;0;1;3;1;1;1;0;0;0;0;2;0;0;0;2;1;0;5;0;2;0;0;2;3;4;3;1;9;1;3;0;1;0;4;3;2;2;3;1;1;0;2;2;1;4;2;2;1;1;3;0;3;0;0;4;1;2;1;1;2;1;2;2;0;1;3;5;4;2;5;0;0;0;2;1;0;0;4;6;0;5;0;0;10;3;1;3;8;0;2;1;22;9;8;6;13;1;3;6;1;3;0;25;3;1;1;11;3;5;1;1;5;2;12;5;10;0;4;10;3;0;11;20;8;5;9;8;11;16;3;3;8;12;18;3;20;17;9;11;3;35;24;1;17;44;1;12;2;0;67;36;16;23;10;42;18;4;11;18;8;23;4;25;42;19;15;13;41;78;89;33;45;29;43;91;24;33;36;72;124;214;423
;ID|25018151;0;0;0;0;0;0;0;2;0;0;2;0;1;0;1;0;3;1;3;0;0;2;0;0;1;0;0;0;0;0;0;0;0;1;0;0;0;2;0;0;3;1;0;0;0;0;0;0;0;0;1;0;0;0;5;2;3;3;0;0;1;1;3;3;0;1;0;7;2;0;0;0;0;0;0;2;3;2;0;2;0;2;0;1;1;6;1;0;0;0;1;1;3;1;0;0;5;3;3;3;3;0;1;0;0;5;0;1;3;1;0;2;0;0;1;2;3;1;1;1;2;0;1;2;5;0;2;3;3;1;2;1;0;0;0;0;2;13;2;2;1;6;1;1;0;3;5;4;0;9;3;5;0;0;0;1;4;10;2;0;6;0;1;2;1;3;3;1;1;1;3;5;0;11;1;4;3;3;1;0;2;5;2;8;12;0;2;8;19;21;8;1;0;0;1;8;4;1;3;6;3;3;9;5;92;16;2;1;3;34;2;9;5;18;5;23;66;22;0;1;7;7;4;2;19;16;3;1;27;7;11;29;12;5;8;8;9;26;11;8;20;4;0;16;23;11;9;44;9;13;7;1;27;17;26;24;16;18;34;9;28;19;31;29;3;18;63;2;23;4;23;82;67;26;62;39;39;47;42;32;16;43;49;64;68;60;59;62;122;180;129;65;66;62;37;199;298;125;27;80;153;280;206;620
;ID|25018154;0;0;0;1;4;0;5;0;3;0;3;1;0;0;0;0;0;0;0;1;0;1;0;2;0;0;1;1;0;0;0;0;3;2;0;0;0;0;0;0;0;1;0;2;0;0;1;3;2;4;2;0;0;0;0;1;2;1;0;6;0;1;1;1;0;2;0;3;13;2;1;0;1;0;0;1;0;1;3;8;4;0;0;3;1;1;0;1;0;0;0;4;2;5;1;0;1;2;1;0;4;16;4;1;4;2;0;1;3;0;6;0;1;4;2;5;2;22;3;1;0;6;1;6;9;3;13;0;3;7;3;2;5;1;0;0;0;1;3;8;1;2;0;1;0;1;2;0;1;6;6;4;4;31;0;4;7;12;1;5;3;2;0;5;7;2;4;24;4;2;7;2;2;3;4;4;4;1;0;9;4;0;128;12;12;2;3;5;8;13;4;4;4;2;1;23;6;0;6;3;4;1;14;3;0;1;1;0;4;11;2;9;22;14;10;9;12;18;1;0;3;3;4;2;12;7;50;17;29;33;42;18;6;3;132;4;27;15;1;6;11;9;0;2;18;8;14;89;17;66;29;3;105;34;23;37;30;210;32;18;27;31;41;215;7;26;21;217;25;9;12;38;85;39;17;128;37;323;100;57;34;43;31;46;34;231;53;139;31;45;103;38;113;770;800;184;171;331;24;429;121;2150;188;836
;ID|25018160;0;0;0;1;0;0;0;1;0;0;0;1;0;0;0;0;0;2;0;0;0;1;0;1;1;0;3;0;0;1;0;2;0;0;0;0;2;1;0;0;1;4;1;2;0;0;0;0;0;1;0;0;1;1;0;0;0;3;0;0;0;0;3;0;0;0;1;0;1;2;0;2;0;0;0;2;2;0;0;0;0;2;1;2;0;0;0;1;7;4;0;1;3;2;3;0;1;3;0;1;1;0;1;1;0;3;0;0;3;18;1;3;0;0;12;1;3;0;2;6;4;6;3;3;1;7;0;0;0;1;0;4;0;4;0;0;2;1;0;0;2;1;2;3;2;2;1;15;2;0;0;9;0;0;4;5;6;3;1;0;0;0;0;0;7;3;2;0;0;30;31;5;2;1;6;3;2;2;9;2;3;7;3;0;0;82;5;19;1;18;1;7;1;0;4;2;5;13;3;2;2;0;11;14;0;1;8;1;9;3;3;3;30;8;5;0;1;0;2;37;10;112;5;0;10;23;44;6;25;21;14;2;0;0;3;16;8;1;1;48;0;57;0;25;18;78;85;47;3;52;10;3;4;5;35;45;11;6;25;31;12;26;7;9;25;17;0;7;33;8;7;22;1;7;4;23;46;34;39;20;144;7;1;21;54;19;19;31;27;5;142;37;43;63;13;56;64;69;170;32;233;102;173;5721
;ID|25018166;0;0;0;0;0;0;0;0;0;0;0;0;0;0;0;0;1;0;2;0;0;1;0;0;1;0;0;0;0;2;2;0;0;1;0;0;1;2;0;0;0;0;1;0;0;20;1;2;0;0;2;0;3;0;1;0;0;5;1;0;0;0;6;0;0;0;1;6;1;0;0;2;1;0;0;1;0;1;0;0;1;2;1;0;0;0;0;0;0;2;0;5;6;1;1;2;2;6;0;3;1;2;1;3;0;0;1;4;6;0;0;4;1;3;0;1;7;1;2;4;0;1;0;0;11;0;2;0;1;4;2;1;0;3;0;13;2;3;2;2;2;1;0;0;3;2;0;1;6;10;1;2;3;0;1;0;0;3;2;4;2;0;0;3;1;1;5;2;0;1;1;0;3;3;3;2;6;0;2;3;2;0;16;2;1;14;2;4;3;34;0;1;0;82;2;3;4;2;2;104;1;2;10;1;4;1;1;2;55;7;3;2;0;24;5;8;2;10;0;2;2;1;3;1;6;3;4;7;9;20;2;18;5;1;8;12;33;3;0;8;5;4;0;131;13;8;7;76;6;8;10;0;9;6;9;12;4;32;4;14;18;11;12;18;1;4;2;5;17;1641;1;27;6;22;11;24;18;7;32;4;13;8;8;136;27;34;165;21;126;11;180;83;26;37;13;37;71;37;2;44;111;63;115;208
;ID|25018172;0;0;0;0;0;0;0;0;1;0;0;1;0;0;0;0;0;1;0;0;0;0;0;0;0;0;1;0;0;0;0;1;1;0;1;0;0;0;0;0;0;0;0;0;0;0;1;0;1;0;0;0;2;1;4;0;0;2;0;0;0;0;1;0;0;0;2;2;0;2;0;0;1;1;0;2;1;1;0;0;0;2;1;2;1;0;3;0;0;2;2;3;1;0;1;0;0;2;1;0;0;0;0;0;0;1;1;0;2;1;0;0;2;0;0;2;2;2;0;1;1;2;0;0;4;2;0;0;0;5;0;0;2;1;0;0;1;1;0;0;0;0;0;2;6;1;1;1;3;0;2;1;0;1;2;1;4;1;0;3;2;0;0;2;1;2;3;0;3;5;2;2;1;4;4;2;4;3;2;0;1;2;0;0;2;0;2;2;6;14;2;2;0;1;2;1;0;1;1;3;3;0;6;2;0;0;3;1;5;9;4;0;2;4;5;6;0;3;0;1;3;1;1;4;7;13;2;17;23;4;5;4;4;1;3;11;11;17;0;18;22;1;0;4;7;10;15;39;4;17;24;3;4;6;10;6;6;37;12;6;2;4;12;11;0;9;22;1;22;1;1;24;4;7;23;24;18;13;22;14;38;10;10;58;28;30;14;22;62;41;102;40;19;30;10;32;53;41;2;24;133;51;131;759
;ID|25018178;0;1;1;0;7;1;3;0;0;0;0;1;0;0;3;21;0;1;0;0;0;1;3;8;1;0;0;0;1;1;0;1;0;0;2;0;0;0;1;1;0;0;0;5;1;0;0;0;1;1;0;0;12;0;0;2;3;2;0;12;1;1;2;0;1;2;0;0;0;1;1;2;0;1;0;1;0;2;4;4;6;0;3;3;0;0;0;0;0;1;0;3;0;5;1;0;4;2;1;0;1;1;0;6;3;4;2;1;4;0;7;1;2;11;0;11;2;0;32;2;1;0;1;1;1;8;1;5;11;1;4;4;6;0;0;0;0;3;4;7;0;0;0;0;0;0;2;2;1;8;4;2;8;1;0;4;4;3;4;1;3;10;2;8;7;3;3;0;13;0;3;8;3;5;2;17;3;3;4;5;2;2;26;5;6;1;8;0;4;13;7;8;124;1;2;9;1;4;4;2;1;0;37;3;1;1;3;0;10;24;3;3;94;18;4;7;24;31;0;8;3;7;5;7;14;7;2;9;20;5;18;31;13;43;17;14;59;19;3;9;15;41;1;8;15;4;19;9;251;22;15;13;71;33;25;24;20;17;24;63;193;67;417;64;26;49;88;11;24;2;9;59;54;124;12;48;26;107;40;67;6;33;58;42;40;108;71;155;57;73;91;78;722;426;954;175;74;493;16;809;101;933;194;1850
;ID|25018184;2;2;0;0;0;0;2;0;0;1;0;0;0;0;0;0;0;0;1;1;0;0;0;1;1;0;3;4;0;0;1;0;0;0;0;3;0;0;0;0;0;0;0;1;1;0;0;24;1;0;1;1;0;2;0;0;0;3;0;0;1;0;3;1;1;1;0;1;0;6;0;1;2;1;0;0;1;7;0;0;0;0;3;0;0;0;0;0;0;2;3;4;4;4;0;2;0;4;1;1;0;1;3;2;1;12;0;2;4;0;0;0;3;0;0;3;4;1;2;5;2;5;1;4;12;0;0;19;1;0;1;0;1;1;0;0;1;2;1;5;0;4;0;0;2;6;0;3;11;17;0;5;21;1;0;2;3;5;9;1;4;36;0;4;2;3;4;1;5;4;1;5;2;6;2;1;6;15;3;7;2;4;1;27;20;0;0;4;4;15;7;1;0;0;0;3;6;5;13;3;6;3;5;9;6;3;3;3;8;17;2;16;0;26;19;11;4;19;1;1;2;2;40;3;7;7;3;0;39;16;8;18;1;440;10;8;21;173;0;15;202;9;1;22;15;18;15;22;21;12;6;3;22;6;27;22;7;27;23;9;14;10;14;19;2;10;245;417;19;2;7;25;301;16;103;28;26;21;26;18;33;10;171;324;29;59;27;22;100;633;244;95;68;64;63;79;219;111;5;83;111;184;254;505
;ID|25018192;0;1;0;0;0;0;0;0;1;1;0;0;0;0;1;0;0;0;1;2;0;0;0;0;4;0;0;3;0;1;1;1;0;1;1;1;0;2;0;0;0;0;0;0;0;0;0;1;0;2;0;1;1;2;1;2;0;1;0;1;0;0;9;2;1;0;0;2;0;2;0;2;0;2;0;3;1;3;2;0;1;1;1;1;1;2;1;0;0;1;4;4;3;2;0;3;1;3;10;2;2;3;1;0;3;0;0;2;3;0;1;4;5;1;1;1;11;39;1;1;5;0;67;1;4;0;1;27;9;3;1;1;8;1;0;0;1;1;1;0;2;0;2;0;2;2;4;2;4;1;3;2;0;0;0;1;3;11;4;9;3;5;0;4;0;0;4;51;0;3;1;5;5;6;2;6;3;2;2;4;1;1;8;1;37;0;3;1;4;7;3;3;0;0;3;6;1;3;1;5;8;1;3;5;55;0;3;1;14;5;1;1;2;15;35;40;5;32;0;11;4;4;4;5;5;11;103;15;22;7;8;10;11;231;4;1;11;128;27;10;104;8;0;11;14;17;16;17;7;6;21;3;20;658;13;33;6;17;29;6;21;19;10;58;186;19;163;5;51;3;7;12;343;22;117;25;51;29;66;22;47;56;170;89;28;22;95;45;44;145;156;122;39;76;25;66;152;241;178;310;193;119;400;622
;ID|25018198;0;1;1;0;0;0;2;0;1;1;0;0;2;0;1;2;0;1;1;1;0;0;0;0;1;1;1;0;0;1;0;1;0;0;0;0;0;1;0;0;0;0;0;0;1;0;0;0;0;0;0;3;1;0;2;0;1;2;0;0;0;14;2;0;2;0;0;1;3;0;0;0;1;1;0;2;1;0;0;0;0;3;1;0;0;1;0;0;0;0;1;2;2;1;2;0;2;2;3;1;1;1;0;0;0;1;0;2;2;1;2;0;2;2;0;2;2;0;0;0;0;1;0;0;0;5;0;0;0;0;0;1;0;1;0;0;1;1;1;0;3;2;1;0;1;1;2;0;0;0;7;0;2;1;1;2;5;6;1;1;4;4;1;2;3;3;2;0;0;3;0;1;2;2;1;4;2;1;5;7;5;3;0;0;1;0;0;1;12;9;5;6;0;0;2;3;5;3;5;1;1;11;3;3;5;11;3;0;3;32;5;2;3;7;3;1;5;34;0;0;5;0;6;7;3;6;4;7;20;3;7;10;8;0;8;23;5;9;1;4;53;5;0;42;23;9;7;10;4;47;10;186;5;7;23;17;8;5;14;38;13;17;12;11;7;24;24;7;7;4;7;6;73;20;5;72;27;18;16;14;17;21;130;18;18;91;60;27;16;44;132;106;72;42;85;45;73;70;800;133;78;179;144;151
;ID|25018204;0;7;2;3;0;0;0;0;0;1;1;2;0;0;1;3;1;0;0;0;0;0;0;0;0;0;0;1;0;1;3;0;3;0;0;0;1;1;0;0;0;1;0;0;1;0;0;3;1;0;1;0;1;1;1;0;0;4;0;0;0;1;4;0;1;0;1;0;1;5;0;0;7;3;0;1;0;1;2;1;1;0;2;2;0;1;0;0;0;0;1;3;4;0;0;0;2;3;2;2;2;1;7;0;1;1;0;1;4;1;0;1;1;3;0;2;9;0;0;0;0;3;0;1;5;4;0;0;3;0;2;0;4;0;0;0;3;1;1;6;1;0;7;0;6;1;3;0;1;8;2;2;1;0;0;1;4;3;1;42;4;2;0;4;1;3;4;1;3;1;0;0;2;2;2;4;6;4;2;0;1;1;2;1;2;0;5;2;6;3;4;5;0;0;4;4;5;3;0;2;1;40;4;3;0;13;5;2;5;14;3;7;0;18;5;30;2;36;26;4;3;4;1;3;9;8;2;16;13;3;17;12;2;5;6;23;5;7;2;5;27;1;0;17;9;11;14;7;12;9;14;44;5;8;26;34;13;6;17;12;8;78;9;17;123;66;31;4;32;5;37;11;46;36;45;16;19;47;27;20;20;31;36;17;39;40;57;25;26;59;109;75;46;52;22;65;162;78;396;140;148;149;216;374
;ID|25018212;1;1;0;1;0;0;0;0;1;0;0;0;0;0;0;1;0;1;2;0;0;0;0;0;2;1;0;0;0;2;1;0;0;0;0;0;0;1;0;0;0;0;0;0;0;0;0;0;1;0;1;0;0;1;2;0;1;1;7;0;0;0;1;1;0;1;1;2;1;0;0;0;1;0;0;0;0;0;0;2;1;1;0;2;0;1;0;0;0;0;0;5;5;1;2;1;0;6;2;2;2;0;1;0;2;2;0;2;5;0;1;0;2;0;0;4;5;0;2;0;0;0;0;1;2;0;0;2;0;1;16;1;1;1;0;0;2;10;1;6;1;2;0;0;5;2;4;1;4;12;2;0;25;0;0;3;6;1;1;2;2;0;1;5;3;3;5;4;0;0;0;1;9;2;1;0;5;5;0;0;1;0;1;9;7;1;5;6;3;3;6;3;0;0;1;5;0;2;0;3;2;1;5;0;3;5;0;9;9;21;3;4;0;30;11;13;7;20;0;2;5;20;4;2;12;2;2;2;16;9;8;1;4;4;5;35;7;11;0;10;21;12;0;9;9;10;11;10;10;8;10;0;9;4;15;18;11;15;13;12;15;7;21;17;0;5;9;1;18;4;9;12;45;27;29;17;44;15;30;13;46;21;29;84;77;50;25;17;41;87;102;50;35;33;7;85;204;59;108;44;124;127;210;986
;ID|25018218;2;0;0;0;0;0;0;0;0;0;0;0;0;1;0;0;0;0;0;3;0;1;2;0;2;0;3;0;0;1;3;3;0;1;0;0;3;0;3;0;0;0;4;1;0;0;1;1;0;1;2;1;1;2;1;0;0;2;0;0;2;0;2;0;0;0;0;0;4;2;0;1;1;7;0;2;0;2;1;1;0;6;2;1;2;3;1;3;14;1;0;4;4;0;2;2;4;4;1;15;1;1;1;0;2;1;0;1;4;1;2;3;1;1;1;0;4;0;1;3;4;4;3;6;6;4;0;0;4;2;0;3;0;2;1;0;2;1;1;0;1;2;1;0;3;3;4;3;2;0;0;8;0;3;0;1;5;14;2;0;1;0;0;3;7;4;4;2;0;19;1;2;1;28;5;1;4;1;15;1;9;8;2;0;1;1;9;16;4;5;2;13;1;0;11;5;8;23;4;1;1;2;0;19;4;2;8;2;15;4;3;2;1;11;11;1;9;2;0;5;5;29;0;1;11;13;5;2;27;9;23;1;1;0;3;9;11;4;4;91;2;22;0;15;25;85;66;42;0;4;14;3;3;5;38;54;8;12;51;46;31;30;19;15;69;30;0;7;32;1;2;11;0;13;3;174;36;45;53;20;234;12;4;19;59;33;14;76;18;6;181;61;73;38;13;83;76;83;30;32;179;132;152;8813
;ID|25018224;0;1;0;0;0;0;0;0;0;2;1;0;0;0;0;0;0;1;0;0;0;0;0;0;0;0;0;0;0;0;1;1;0;3;0;1;1;1;0;0;0;1;0;0;1;0;0;0;3;1;1;3;0;0;0;0;1;3;0;0;1;0;3;0;1;0;1;9;1;2;0;2;10;0;0;1;0;0;0;1;0;5;0;1;1;2;0;2;0;0;2;5;4;0;1;5;0;4;3;3;1;0;1;0;3;4;0;0;4;0;3;2;1;1;1;1;4;0;0;1;0;2;0;2;2;2;1;10;1;0;3;2;0;1;2;1;4;4;1;5;1;1;0;0;0;4;1;1;6;7;4;3;12;0;0;4;1;0;1;5;2;3;1;4;4;3;7;0;4;6;2;0;3;6;2;5;7;9;1;0;2;3;1;35;12;0;4;5;34;4;5;5;0;0;0;7;9;2;1;5;6;26;3;6;6;7;4;1;2;29;3;5;2;16;21;29;5;36;0;5;3;16;13;3;13;8;55;1;34;9;9;48;6;1;10;20;8;38;1;14;30;13;0;12;9;14;10;5;19;18;8;0;6;19;28;26;9;20;22;11;26;14;15;19;1;26;33;2;24;7;2;139;73;24;136;21;40;52;59;29;19;89;75;126;217;85;38;35;370;202;188;89;40;90;44;145;312;95;6;69;179;226;254;348
;ID|25018230;0;1;0;1;0;1;0;2;1;1;2;1;1;0;0;1;2;1;2;1;0;1;0;1;0;0;6;0;0;0;4;1;1;1;0;0;0;0;0;0;2;0;0;0;0;0;1;1;1;1;1;3;0;0;7;0;0;1;0;0;1;0;1;0;1;2;1;0;2;0;0;0;0;1;0;0;1;1;0;0;0;1;2;0;0;1;2;0;1;2;1;4;3;0;1;0;1;3;1;0;1;0;0;1;1;3;2;1;3;6;1;2;8;0;2;9;3;0;0;0;10;2;0;3;10;0;0;5;1;3;0;2;9;0;0;0;2;1;3;1;2;6;1;0;9;1;1;1;1;3;13;3;10;7;0;9;0;2;4;1;1;4;0;2;2;5;5;34;3;0;1;7;3;13;5;1;5;3;3;2;7;4;4;9;6;0;1;6;59;13;3;0;0;0;1;1;3;3;11;3;2;2;14;4;0;3;4;21;10;51;5;9;4;5;16;15;3;12;0;10;6;5;16;15;5;30;14;4;36;7;9;18;1;10;2;14;7;45;2;10;55;3;0;22;19;9;21;12;11;21;10;2;48;6;10;12;7;30;36;14;16;7;13;51;1;15;17;23;20;1;4;7;19;15;329;133;66;22;168;16;31;24;74;85;65;24;17;47;69;499;297;57;38;50;32;70;146;166;76;101;187;141;175;901
;ID|25018236;0;0;0;0;0;0;0;0;2;0;0;0;1;0;0;1;2;0;0;0;0;2;0;0;0;0;1;2;0;1;0;2;0;0;0;0;1;1;0;0;0;0;0;0;0;0;0;0;4;0;2;10;1;0;0;0;1;1;1;1;0;1;1;0;0;0;0;2;0;0;0;0;0;14;0;1;1;0;0;1;0;0;0;0;0;0;0;0;0;2;0;4;3;1;0;2;1;2;1;3;1;1;4;0;0;3;0;0;3;2;2;0;2;3;2;2;2;1;0;1;1;1;0;1;0;0;3;2;2;12;1;2;2;0;1;0;0;13;1;5;3;1;0;0;3;2;4;2;0;3;1;1;0;7;4;3;1;3;2;8;1;5;1;2;2;6;4;3;0;0;2;1;2;5;2;3;5;1;4;2;3;2;0;4;19;4;3;4;10;4;3;1;0;5;3;0;5;1;3;3;2;7;3;1;7;5;3;4;0;7;0;3;1;8;9;7;19;10;0;2;4;2;3;2;8;5;4;6;14;6;8;10;2;1;9;16;14;10;0;6;11;87;0;2;12;4;3;9;5;9;21;2;17;6;10;17;15;5;17;18;42;8;20;23;1;28;27;3;6;12;0;67;39;30;16;34;28;43;64;30;14;28;96;42;33;53;42;16;36;38;120;35;81;47;27;70;117;46;5;82;104;151;198;1165
;ID|25018242;0;0;0;0;0;0;2;1;0;4;0;0;1;0;0;0;0;0;0;0;0;3;0;0;0;0;0;0;0;0;0;1;0;0;2;1;1;0;0;0;0;0;2;0;0;1;0;0;0;0;0;2;0;1;1;0;1;2;0;0;1;0;2;0;0;0;2;0;0;0;0;1;0;1;0;0;1;0;1;1;1;3;0;1;0;0;1;0;0;0;0;3;2;0;0;1;1;2;0;5;0;0;0;2;3;10;1;2;2;1;1;2;1;0;1;0;2;0;0;0;2;6;2;1;12;1;3;0;1;0;0;0;4;0;0;0;0;3;1;5;1;2;3;0;4;3;3;2;2;8;3;4;1;0;0;6;6;20;8;2;4;1;0;3;3;1;3;1;2;2;0;6;0;10;3;2;3;1;1;1;3;8;0;2;2;0;4;4;4;13;5;2;0;0;4;4;2;37;1;1;9;0;0;3;3;0;1;7;11;17;2;3;3;17;7;17;6;9;0;2;2;5;2;2;4;15;1;15;31;6;7;0;4;0;1;5;7;4;0;26;1;2;0;38;7;23;21;17;1;13;9;41;6;6;17;14;10;11;39;7;10;3;21;26;0;10;2;1;13;0;170;9;3;20;1;23;38;21;11;9;37;10;2;44;31;54;45;31;8;10;139;34;34;80;45;60;229;47;164;17;110;160;247;690
;ID|25018248;0;0;0;0;1;0;0;0;0;0;1;2;0;0;0;0;0;0;0;0;0;0;1;0;0;0;0;1;2;0;1;0;0;0;1;1;2;0;0;20;0;2;0;10;1;3;3;1;0;0;1;1;2;3;0;0;2;4;0;1;0;0;4;0;0;3;0;15;0;1;0;2;0;0;0;1;6;3;4;4;2;3;0;2;3;0;0;0;0;0;2;4;4;0;1;0;5;4;1;1;0;1;2;3;0;24;0;17;4;0;2;2;0;2;0;1;4;0;0;0;1;0;0;1;3;0;3;0;3;3;3;0;9;1;0;0;0;1;3;4;0;3;0;2;1;2;3;10;0;1;2;2;1;5;1;0;6;2;3;1;2;7;1;5;5;0;4;0;14;7;1;3;1;8;4;18;4;2;9;5;1;3;1;4;1;1;4;7;12;7;8;1;5;2;0;33;3;4;5;1;4;0;1;2;0;2;0;5;7;11;6;0;15;10;5;8;13;28;1;1;0;4;9;9;3;6;2;1;24;5;5;3;5;15;62;27;18;19;2;16;18;5;0;11;9;21;14;9;9;36;8;2;51;59;11;31;120;5;9;21;41;38;79;25;1;20;53;32;17;6;4;16;19;18;18;16;25;54;4;45;58;25;31;133;19;53;59;93;121;42;80;26;62;139;1064;548;81;304;5;131;96;1243;82;1330
;ID|25018254;1;3;0;0;20;0;0;0;0;2;0;0;0;0;2;1;2;0;0;0;1;4;1;8;0;0;1;0;0;1;1;1;0;1;0;2;0;1;0;1;0;0;0;6;0;0;0;0;3;3;1;1;0;1;0;0;1;3;0;3;1;0;3;2;0;3;0;1;1;0;0;1;1;5;1;0;3;0;3;3;1;1;2;0;5;1;1;0;0;0;0;4;3;0;1;0;0;3;1;1;0;3;0;1;1;2;16;1;3;0;5;2;5;0;0;3;3;0;1;2;0;0;2;0;2;1;1;4;7;0;0;0;1;0;0;1;2;3;5;5;5;8;1;41;1;1;0;0;0;3;0;1;9;10;0;3;4;3;3;2;0;8;2;0;4;3;4;1;12;2;11;3;1;6;1;2;5;0;0;10;1;1;3;1;1;0;1;5;6;6;13;1;3;6;0;1;3;0;7;1;2;0;0;1;1;0;1;2;1;5;1;4;56;12;13;5;17;16;0;1;4;1;10;3;32;17;17;4;29;22;18;12;4;76;37;9;76;30;0;1;94;6;0;16;17;9;15;11;3;19;9;2;63;10;12;19;42;10;21;6;19;53;39;40;0;26;43;52;9;7;2;66;72;23;47;164;22;65;39;12;5;20;58;44;23;177;36;77;123;210;142;77;169;144;280;203;114;398;1;158;61;472;172;116
;ID|25018260;0;8;0;0;0;0;0;0;1;0;1;1;0;0;4;0;0;1;0;0;0;4;1;0;0;0;0;4;0;1;3;0;3;0;0;0;1;1;0;0;0;1;0;0;0;0;0;0;0;1;0;0;5;0;7;0;0;1;2;2;1;0;1;0;0;0;1;2;0;0;0;0;3;0;0;2;4;1;0;1;1;0;1;0;0;1;0;0;0;1;1;3;3;1;4;1;1;3;0;0;1;1;0;2;0;8;1;3;3;4;0;1;0;1;3;0;3;1;2;0;0;2;0;2;3;1;0;0;0;0;0;0;2;0;3;0;1;1;1;1;1;3;0;1;1;1;3;1;1;10;0;0;3;2;0;3;0;3;6;3;1;0;0;3;2;1;3;1;4;2;0;1;0;10;2;1;3;1;4;0;2;9;1;1;6;1;0;5;6;19;2;4;0;0;0;2;2;9;4;2;8;3;2;2;2;3;5;9;4;7;5;6;0;16;9;9;3;15;0;2;1;5;14;2;3;13;4;1;67;14;4;34;12;0;12;20;5;2;0;37;3;1;0;8;8;20;18;4;11;5;70;3;13;8;14;11;21;18;12;21;7;14;12;18;4;11;7;3;30;2;1;304;3;21;37;27;30;21;85;34;99;272;67;92;76;41;27;18;161;42;153;46;32;35;7;108;166;78;2;38;229;92;143;1099
;ID|25018266;0;8;0;0;0;0;0;0;1;0;1;0;1;0;0;0;1;0;0;2;0;4;0;0;0;0;1;0;0;0;0;0;0;0;0;1;4;0;0;0;0;1;0;0;0;0;0;2;1;3;0;0;0;0;2;3;2;0;0;0;1;1;1;1;0;1;0;2;1;27;0;0;0;0;0;2;0;1;0;1;1;0;1;0;0;1;1;0;1;0;0;3;2;1;0;0;0;2;0;11;1;1;0;0;0;1;0;1;2;0;1;4;1;0;0;8;2;0;1;2;5;2;3;1;1;2;0;0;0;1;2;1;3;30;20;2;1;3;3;4;0;1;1;1;18;0;1;3;0;4;3;1;1;2;0;4;3;7;3;1;3;4;0;4;0;1;3;0;1;2;3;10;0;12;0;0;4;3;2;0;3;0;0;3;12;1;0;0;7;9;5;2;0;0;1;1;4;3;1;1;4;1;19;1;0;0;5;55;12;4;16;14;3;10;4;7;2;14;0;2;1;3;13;1;10;7;4;6;19;7;2;16;1;12;7;11;5;8;1;18;6;8;0;7;10;16;17;19;5;11;8;0;2;4;13;10;11;9;7;3;26;1;14;14;1;6;36;1;30;7;2;8;13;7;16;50;27;18;16;12;77;26;26;40;36;69;16;18;145;33;83;49;34;37;15;41;191;51;4;13;145;101;196;506
;ID|25018272;0;0;0;0;0;0;0;0;1;0;1;1;0;0;0;0;0;0;0;0;0;0;0;2;1;0;2;1;0;0;1;0;0;0;0;0;1;2;1;0;0;1;1;0;2;0;0;2;1;3;1;0;0;1;0;1;0;3;0;0;0;0;3;1;0;0;0;6;1;0;0;0;1;1;0;0;0;0;1;0;0;1;0;0;1;0;2;0;0;10;0;4;4;0;2;0;1;5;0;0;3;1;0;0;2;0;0;2;3;0;0;3;1;1;2;0;5;0;1;2;0;0;2;1;15;1;0;3;0;0;1;2;0;0;0;0;1;1;2;1;5;6;0;0;8;0;5;4;8;7;0;3;0;2;1;0;2;2;3;5;3;0;0;1;1;3;5;0;1;2;2;1;1;2;0;0;6;7;0;3;3;3;4;11;4;1;1;3;7;6;5;4;0;0;0;3;4;3;0;6;5;30;2;4;5;3;2;0;4;9;7;0;0;18;6;9;3;20;0;2;7;4;5;0;2;25;4;0;26;25;3;7;1;1;4;6;9;10;1;0;13;80;0;31;8;9;9;38;8;11;6;1;3;16;11;12;7;196;5;4;16;10;12;17;0;9;12;45;10;0;2;88;16;24;41;22;19;18;84;10;12;69;4;43;98;27;21;20;168;63;122;25;45;43;17;160;202;102;7;39;45;95;91;903
;ID|25018278;1;0;0;0;1;1;0;0;1;1;3;1;10;0;6;0;0;0;1;1;0;0;4;7;0;0;0;0;20;0;0;0;0;0;1;4;2;0;0;1;0;4;0;1;0;1;2;0;1;1;0;0;0;0;1;1;0;1;0;0;0;2;1;1;6;6;0;1;0;4;0;1;0;0;0;2;0;1;2;1;1;0;0;0;1;4;1;3;0;3;0;3;1;0;2;5;2;2;0;0;1;0;1;7;1;12;8;0;2;3;14;1;0;0;0;10;2;0;0;0;0;4;0;0;4;3;0;5;13;1;0;2;1;0;1;0;0;2;2;1;0;1;1;0;15;2;1;3;4;4;1;2;9;0;0;1;1;2;7;0;12;4;1;2;6;0;3;1;1;7;3;2;0;0;5;1;5;1;6;3;0;3;5;5;4;0;3;0;4;8;2;0;1;0;0;3;2;6;0;1;2;7;5;0;2;4;1;75;8;6;3;4;64;15;3;15;9;3;0;3;1;1;6;6;4;9;2;2;18;4;9;6;2;117;15;16;31;54;0;28;77;13;0;4;13;58;39;14;7;19;11;1;48;14;28;21;25;20;8;21;23;60;34;25;1;9;188;154;15;0;33;14;54;22;55;36;16;111;7;66;43;14;23;67;36;36;35;53;108;329;175;48;43;246;206;119;107;434;24;163;107;352;213;198
